path,label,age,gender
Neutral\ffhq_190.png,Neutral,Young,Female
Neutral\ffhq_194.png,Neutral,Young,Female
Neutral\ffhq_195.png,Neutral,Adult,Male
Neutral\ffhq_205.png,Neutral,Young,Female
Neutral\ffhq_210.png,Neutral,Young,Female
Neutral\ffhq_216.png,Neutral,Adult,Male
Neutral\ffhq_222.png,Neutral,Adult,Male
Neutral\ffhq_223.png,Neutral,Adult,Male
Neutral\ffhq_229.png,Neutral,Adult,Female
Neutral\ffhq_232.png,Neutral,Senior,Male
Neutral\ffhq_245.png,Neutral,Young,Male
Neutral\ffhq_250.png,Neutral,Young,Male
Neutral\ffhq_261.png,Neutral,Adult,Male
Neutral\ffhq_262.png,Neutral,Adult,Male
Neutral\ffhq_276.png,Neutral,Senior,Male
Neutral\ffhq_279.png,Neutral,Adult,Male
Neutral\ffhq_282.png,Neutral,Adult,Male
Neutral\ffhq_301.png,Neutral,Young,Male
Neutral\ffhq_319.png,Neutral,Young,Male
Neutral\ffhq_330.png,Neutral,Adult,Male
Neutral\ffhq_334.png,Neutral,Adult,Female
Neutral\ffhq_345.png,Neutral,Young,Female
Neutral\ffhq_351.png,Neutral,Adult,Male
Neutral\ffhq_362.png,Neutral,Young,Female
Neutral\ffhq_364.png,Neutral,Young,Female
Neutral\ffhq_374.png,Neutral,Young,Male
Neutral\ffhq_375.png,Neutral,Adult,Male
Neutral\ffhq_388.png,Neutral,Senior,Female
Neutral\ffhq_391.png,Neutral,Young,Male
Neutral\ffhq_410.png,Neutral,Adult,Male
Neutral\ffhq_416.png,Neutral,Young,Male
Neutral\ffhq_423.png,Neutral,Young,Female
Neutral\ffhq_426.png,Neutral,Senior,Male
Neutral\ffhq_431.png,Neutral,Young,Female
Neutral\ffhq_432.png,Neutral,Young,Female
Neutral\ffhq_433.png,Neutral,Adult,Female
Neutral\ffhq_438.png,Neutral,Adult,Female
Neutral\ffhq_439.png,Neutral,Young,Male
Neutral\ffhq_440.png,Neutral,Adult,Male
Neutral\ffhq_452.png,Neutral,Senior,Male
Neutral\ffhq_459.png,Neutral,Adult,Male
Neutral\ffhq_466.png,Neutral,Young,Female
Neutral\ffhq_475.png,Neutral,Young,Male
Neutral\ffhq_482.png,Neutral,Adult,Male
Neutral\ffhq_483.png,Neutral,Adult,Male
Neutral\ffhq_484.png,Neutral,Adult,Female
Neutral\ffhq_487.png,Neutral,Young,Female
Neutral\ffhq_492.png,Neutral,Adult,Male
Neutral\ffhq_493.png,Neutral,Young,Female
Neutral\ffhq_495.png,Neutral,Adult,Female
Neutral\ffhq_496.png,Neutral,Young,Male
Neutral\ffhq_497.png,Neutral,Young,Male
Neutral\ffhq_521.png,Neutral,Young,Male
Neutral\ffhq_527.png,Neutral,Adult,Male
Neutral\ffhq_528.png,Neutral,Adult,Male
Neutral\ffhq_530.png,Neutral,Adult,Male
Neutral\ffhq_539.png,Neutral,Senior,Male
Neutral\ffhq_557.png,Neutral,Young,Male
Neutral\ffhq_564.png,Neutral,Adult,Male
Neutral\ffhq_572.png,Neutral,Adult,Male
Neutral\ffhq_583.png,Neutral,Senior,Male
Neutral\ffhq_585.png,Neutral,Young,Male
Neutral\ffhq_587.png,Neutral,Adult,Male
Neutral\ffhq_622.png,Neutral,Young,Male
Neutral\ffhq_633.png,Neutral,Young,Male
Neutral\ffhq_644.png,Neutral,Adult,Male
Neutral\ffhq_654.png,Neutral,Senior,Male
Neutral\ffhq_748.png,Neutral,Young,Female
Neutral\ffhq_774.png,Neutral,Senior,Male
Neutral\ffhq_783.png,Neutral,Adult,Male
Neutral\ffhq_803.png,Neutral,Senior,Male
Neutral\ffhq_813.png,Neutral,Young,Female
Neutral\ffhq_816.png,Neutral,Young,Male
Neutral\ffhq_838.png,Neutral,Senior,Male
Neutral\ffhq_864.png,Neutral,Adult,Male
Neutral\ffhq_869.png,Neutral,Young,Male
Neutral\ffhq_875.png,Neutral,Adult,Male
Neutral\ffhq_885.png,Neutral,Adult,Male
Neutral\ffhq_894.png,Neutral,Adult,Male
Neutral\ffhq_895.png,Neutral,Adult,Male
Neutral\ffhq_904.png,Neutral,Young,Male
Neutral\ffhq_910.png,Neutral,Young,Female
Neutral\ffhq_911.png,Neutral,Adult,Male
Neutral\ffhq_916.png,Neutral,Adult,Male
Neutral\ffhq_926.png,Neutral,Young,Female
Neutral\ffhq_927.png,Neutral,Adult,Female
Neutral\ffhq_928.png,Neutral,Adult,Female
Neutral\ffhq_930.png,Neutral,Young,Male
Neutral\ffhq_935.png,Neutral,Adult,Male
Neutral\ffhq_944.png,Neutral,Adult,Female
Neutral\ffhq_945.png,Neutral,Young,Male
Neutral\ffhq_956.png,Neutral,Senior,Male
Neutral\ffhq_988.png,Neutral,Senior,Male
Neutral\ffhq_1063.png,Neutral,Senior,Male
Neutral\ffhq_1064.png,Neutral,Adult,Male
Neutral\ffhq_1065.png,Neutral,Adult,Female
Neutral\ffhq_1071.png,Neutral,Senior,Female
Neutral\ffhq_1075.png,Neutral,Young,Male
Neutral\ffhq_1084.png,Neutral,Young,Female
Neutral\ffhq_1120.png,Neutral,Young,Male
Neutral\ffhq_1124.png,Neutral,Adult,Male
Neutral\ffhq_1167.png,Neutral,Adult,Male
Neutral\ffhq_1233.png,Neutral,Adult,Male
Neutral\ffhq_1242.png,Neutral,Young,Male
Neutral\ffhq_1244.png,Neutral,Adult,Male
Neutral\ffhq_1264.png,Neutral,Adult,Male
Neutral\ffhq_1329.png,Neutral,Adult,Male
Neutral\ffhq_1348.png,Neutral,Adult,Male
Neutral\ffhq_1350.png,Neutral,Senior,Male
Neutral\ffhq_1361.png,Neutral,Young,Male
Neutral\ffhq_1441.png,Neutral,Young,Female
Neutral\ffhq_1449.png,Neutral,Adult,Male
Neutral\ffhq_1452.png,Neutral,Adult,Male
Neutral\ffhq_1464.png,Neutral,Adult,Male
Neutral\ffhq_1467.png,Neutral,Adult,Male
Neutral\ffhq_1474.png,Neutral,Adult,Male
Neutral\ffhq_1479.png,Neutral,Adult,Female
Neutral\ffhq_1484.png,Neutral,Young,Male
Neutral\ffhq_1488.png,Neutral,Young,Female
Neutral\ffhq_1497.png,Neutral,Young,Male
Neutral\ffhq_1517.png,Neutral,Senior,Male
Neutral\ffhq_1545.png,Neutral,Senior,Male
Neutral\ffhq_1550.png,Neutral,Adult,Male
Neutral\ffhq_1568.png,Neutral,Adult,Male
Neutral\ffhq_1574.png,Neutral,Young,Male
Neutral\ffhq_1600.png,Neutral,Adult,Male
Neutral\ffhq_1602.png,Neutral,Adult,Male
Neutral\ffhq_1605.png,Neutral,Young,Female
Neutral\ffhq_1606.png,Neutral,Adult,Female
Neutral\ffhq_1607.png,Neutral,Adult,Female
Neutral\ffhq_1608.png,Neutral,Adult,Male
Neutral\ffhq_1611.png,Neutral,Young,Male
Neutral\ffhq_1622.png,Neutral,Adult,Male
Neutral\ffhq_1623.png,Neutral,Young,Male
Neutral\ffhq_1637.png,Neutral,Young,Female
Neutral\ffhq_1643.png,Neutral,Young,Female
Neutral\ffhq_1649.png,Neutral,Adult,Male
Neutral\ffhq_1656.png,Neutral,Senior,Male
Neutral\ffhq_1658.png,Neutral,Adult,Male
Neutral\ffhq_1660.png,Neutral,Young,Male
Neutral\ffhq_1674.png,Neutral,Young,Male
Neutral\ffhq_1707.png,Neutral,Adult,Male
Neutral\ffhq_1722.png,Neutral,Senior,Male
Neutral\ffhq_1723.png,Neutral,Young,Female
Neutral\ffhq_1737.png,Neutral,Young,Male
Neutral\ffhq_1743.png,Neutral,Young,Male
Neutral\ffhq_1752.png,Neutral,Adult,Male
Neutral\ffhq_1757.png,Neutral,Adult,Male
Neutral\ffhq_1778.png,Neutral,Adult,Male
Neutral\ffhq_1786.png,Neutral,Senior,Male
Neutral\ffhq_1793.png,Neutral,Adult,Male
Neutral\ffhq_1798.png,Neutral,Adult,Male
Neutral\ffhq_1805.png,Neutral,Adult,Male
Neutral\ffhq_1847.png,Neutral,Young,Male
Neutral\ffhq_1848.png,Neutral,Young,Male
Neutral\ffhq_1851.png,Neutral,Adult,Female
Neutral\ffhq_1863.png,Neutral,Senior,Male
Neutral\ffhq_1885.png,Neutral,Young,Male
Neutral\ffhq_1895.png,Neutral,Adult,Male
Neutral\ffhq_1896.png,Neutral,Adult,Male
Neutral\ffhq_1897.png,Neutral,Adult,Male
Neutral\ffhq_1908.png,Neutral,Adult,Female
Neutral\ffhq_1914.png,Neutral,Young,Female
Neutral\ffhq_1940.png,Neutral,Adult,Male
Neutral\ffhq_1943.png,Neutral,Young,Female
Neutral\ffhq_1951.png,Neutral,Adult,Male
Neutral\ffhq_1987.png,Neutral,Adult,Male
Neutral\ffhq_2001.png,Neutral,Senior,Male
Neutral\ffhq_2003.png,Neutral,Adult,Male
Neutral\ffhq_2008.png,Neutral,Young,Male
Neutral\ffhq_2011.png,Neutral,Adult,Female
Neutral\ffhq_2111.png,Neutral,Adult,Male
Neutral\ffhq_2128.png,Neutral,Adult,Male
Neutral\ffhq_2140.png,Neutral,Young,Male
Neutral\ffhq_2147.png,Neutral,Adult,Male
Neutral\ffhq_2160.png,Neutral,Adult,Male
Neutral\ffhq_2227.png,Neutral,Young,Male
Neutral\ffhq_2247.png,Neutral,Adult,Male
Neutral\ffhq_2256.png,Neutral,Senior,Male
Neutral\ffhq_2260.png,Neutral,Senior,Male
Neutral\ffhq_2261.png,Neutral,Senior,Male
Neutral\ffhq_2262.png,Neutral,Adult,Male
Neutral\ffhq_2266.png,Neutral,Adult,Male
Neutral\ffhq_2275.png,Neutral,Young,Male
Neutral\ffhq_2303.png,Neutral,Adult,Female
Neutral\ffhq_2318.png,Neutral,Young,Male
Neutral\ffhq_2319.png,Neutral,Adult,Female
Neutral\ffhq_2337.png,Neutral,Young,Male
Neutral\ffhq_2377.png,Neutral,Adult,Male
Neutral\ffhq_2389.png,Neutral,Adult,Male
Neutral\ffhq_2391.png,Neutral,Adult,Male
Neutral\ffhq_2401.png,Neutral,Senior,Male
Neutral\ffhq_2406.png,Neutral,Adult,Male
Neutral\ffhq_2423.png,Neutral,Adult,Male
Neutral\ffhq_2446.png,Neutral,Adult,Male
Neutral\ffhq_2455.png,Neutral,Senior,Male
Neutral\ffhq_2473.png,Neutral,Young,Male
Neutral\ffhq_2481.png,Neutral,Adult,Male
Neutral\ffhq_2495.png,Neutral,Young,Male
Neutral\ffhq_2497.png,Neutral,Adult,Male
Neutral\ffhq_2505.png,Neutral,Adult,Female
Neutral\ffhq_2506.png,Neutral,Adult,Male
Neutral\ffhq_2507.png,Neutral,Adult,Male
Neutral\ffhq_2523.png,Neutral,Adult,Male
Neutral\ffhq_2532.png,Neutral,Adult,Male
Neutral\ffhq_2533.png,Neutral,Senior,Female
Neutral\ffhq_2544.png,Neutral,Senior,Male
Neutral\ffhq_2553.png,Neutral,Adult,Male
Neutral\ffhq_2563.png,Neutral,Adult,Male
Neutral\ffhq_2572.png,Neutral,Young,Female
Neutral\ffhq_2575.png,Neutral,Young,Female
Neutral\ffhq_2578.png,Neutral,Young,Male
Neutral\ffhq_2599.png,Neutral,Adult,Male
Neutral\ffhq_2632.png,Neutral,Adult,Male
Neutral\ffhq_2652.png,Neutral,Young,Male
Neutral\ffhq_2653.png,Neutral,Senior,Male
Neutral\ffhq_2673.png,Neutral,Adult,Male
Neutral\ffhq_2702.png,Neutral,Adult,Male
Neutral\ffhq_2747.png,Neutral,Young,Male
Neutral\ffhq_2758.png,Neutral,Young,Male
Neutral\ffhq_2774.png,Neutral,Adult,Male
Neutral\ffhq_2784.png,Neutral,Adult,Male
Neutral\ffhq_2806.png,Neutral,Adult,Male
Neutral\ffhq_2813.png,Neutral,Adult,Male
Neutral\ffhq_2833.png,Neutral,Adult,Male
Neutral\ffhq_2834.png,Neutral,Young,Female
Neutral\ffhq_2835.png,Neutral,Adult,Male
Neutral\ffhq_2884.png,Neutral,Young,Male
Neutral\ffhq_2923.png,Neutral,Young,Male
Neutral\ffhq_2947.png,Neutral,Adult,Male
Neutral\ffhq_2962.png,Neutral,Young,Male
Neutral\ffhq_3013.png,Neutral,Young,Male
Neutral\ffhq_3019.png,Neutral,Young,Male
Neutral\ffhq_3020.png,Neutral,Young,Male
Neutral\ffhq_3028.png,Neutral,Adult,Male
Neutral\ffhq_3036.png,Neutral,Adult,Male
Neutral\ffhq_3037.png,Neutral,Young,Female
Neutral\ffhq_3043.png,Neutral,Young,Male
Neutral\ffhq_3048.png,Neutral,Young,Male
Neutral\ffhq_3049.png,Neutral,Senior,Male
Neutral\ffhq_3767.png,Neutral,Senior,Male
Neutral\ffhq_3809.png,Neutral,Adult,Male
Neutral\ffhq_3823.png,Neutral,Adult,Male
Neutral\ffhq_3826.png,Neutral,Adult,Male
Neutral\ffhq_3849.png,Neutral,Young,Female
Neutral\ffhq_3884.png,Neutral,Young,Male
Neutral\ffhq_3905.png,Neutral,Adult,Male
Neutral\ffhq_3916.png,Neutral,Adult,Male
Neutral\ffhq_3925.png,Neutral,Young,Male
Neutral\ffhq_3960.png,Neutral,Senior,Male
Neutral\ffhq_3992.png,Neutral,Adult,Male
Neutral\ffhq_3996.png,Neutral,Adult,Male
Neutral\ffhq_4025.png,Neutral,Adult,Male
Neutral\ffhq_4033.png,Neutral,Young,Female
Neutral\ffhq_4046.png,Neutral,Young,Male
Neutral\ffhq_4075.png,Neutral,Senior,Male
Neutral\ffhq_4086.png,Neutral,Young,Male
Neutral\ffhq_4106.png,Neutral,Adult,Female
Neutral\ffhq_4127.png,Neutral,Young,Male
Neutral\ffhq_4205.png,Neutral,Adult,Female
Neutral\ffhq_4228.png,Neutral,Young,Male
Neutral\ffhq_4232.png,Neutral,Adult,Male
Neutral\ffhq_4240.png,Neutral,Adult,Male
Neutral\ffhq_4242.png,Neutral,Adult,Male
Neutral\ffhq_4293.png,Neutral,Adult,Male
Neutral\ffhq_4304.png,Neutral,Young,Male
Neutral\ffhq_4307.png,Neutral,Young,Male
Neutral\ffhq_4312.png,Neutral,Adult,Male
Neutral\ffhq_4314.png,Neutral,Adult,Male
Neutral\ffhq_4330.png,Neutral,Adult,Male
Neutral\ffhq_4351.png,Neutral,Adult,Male
Neutral\ffhq_4362.png,Neutral,Young,Male
Neutral\ffhq_4365.png,Neutral,Young,Male
Neutral\ffhq_4372.png,Neutral,Adult,Male
Neutral\ffhq_4376.png,Neutral,Adult,Male
Neutral\ffhq_4385.png,Neutral,Adult,Male
Neutral\ffhq_4410.png,Neutral,Young,Male
Neutral\ffhq_4417.png,Neutral,Adult,Male
Neutral\ffhq_4421.png,Neutral,Young,Female
Neutral\ffhq_4433.png,Neutral,Adult,Male
Neutral\ffhq_4435.png,Neutral,Senior,Male
Neutral\ffhq_4437.png,Neutral,Young,Female
Neutral\ffhq_4439.png,Neutral,Adult,Male
Neutral\ffhq_4441.png,Neutral,Young,Male
Neutral\ffhq_4442.png,Neutral,Adult,Male
Neutral\ffhq_4454.png,Neutral,Adult,Male
Neutral\ffhq_4460.png,Neutral,Young,Male
Neutral\ffhq_4461.png,Neutral,Young,Female
Neutral\ffhq_4464.png,Neutral,Young,Male
Neutral\ffhq_4482.png,Neutral,Young,Female
Neutral\ffhq_4505.png,Neutral,Young,Male
Neutral\ffhq_4517.png,Neutral,Young,Male
Neutral\ffhq_4539.png,Neutral,Adult,Female
Neutral\ffhq_4548.png,Neutral,Adult,Female
Neutral\ffhq_4565.png,Neutral,Adult,Male
Neutral\ffhq_4567.png,Neutral,Adult,Male
Neutral\ffhq_4569.png,Neutral,Young,Male
Neutral\ffhq_4573.png,Neutral,Young,Female
Neutral\ffhq_4575.png,Neutral,Young,Male
Neutral\ffhq_4578.png,Neutral,Young,Male
Neutral\ffhq_4585.png,Neutral,Young,Male
Neutral\ffhq_4588.png,Neutral,Adult,Male
Neutral\ffhq_4590.png,Neutral,Senior,Male
Neutral\ffhq_4605.png,Neutral,Young,Male
Neutral\ffhq_4641.png,Neutral,Young,Male
Neutral\ffhq_4642.png,Neutral,Adult,Male
Neutral\ffhq_4664.png,Neutral,Adult,Male
Neutral\ffhq_4677.png,Neutral,Adult,Male
Neutral\ffhq_4678.png,Neutral,Adult,Female
Neutral\ffhq_4693.png,Neutral,Adult,Male
Neutral\ffhq_4697.png,Neutral,Adult,Female
Neutral\ffhq_4698.png,Neutral,Adult,Male
Neutral\ffhq_4699.png,Neutral,Adult,Female
Neutral\ffhq_4704.png,Neutral,Adult,Male
Neutral\ffhq_4712.png,Neutral,Adult,Male
Neutral\ffhq_4713.png,Neutral,Senior,Male
Neutral\ffhq_4718.png,Neutral,Adult,Male
Neutral\ffhq_4723.png,Neutral,Young,Male
Neutral\ffhq_4735.png,Neutral,Young,Male
Neutral\ffhq_4736.png,Neutral,Adult,Male
Neutral\ffhq_4741.png,Neutral,Adult,Male
Neutral\ffhq_4743.png,Neutral,Adult,Male
Neutral\ffhq_4746.png,Neutral,Adult,Male
Neutral\ffhq_4747.png,Neutral,Adult,Male
Neutral\ffhq_4763.png,Neutral,Adult,Male
Neutral\ffhq_4767.png,Neutral,Adult,Female
Neutral\ffhq_4768.png,Neutral,Senior,Male
Neutral\ffhq_4778.png,Neutral,Adult,Male
Neutral\ffhq_4779.png,Neutral,Adult,Male
Neutral\ffhq_4783.png,Neutral,Adult,Male
Neutral\ffhq_4789.png,Neutral,Adult,Male
Neutral\ffhq_4790.png,Neutral,Adult,Female
Neutral\ffhq_4791.png,Neutral,Adult,Male
Neutral\ffhq_4795.png,Neutral,Adult,Male
Neutral\ffhq_4816.png,Neutral,Adult,Male
Neutral\ffhq_4823.png,Neutral,Adult,Male
Neutral\ffhq_4824.png,Neutral,Adult,Female
Neutral\ffhq_4835.png,Neutral,Adult,Male
Neutral\ffhq_4847.png,Neutral,Adult,Male
Neutral\ffhq_4860.png,Neutral,Adult,Male
Neutral\ffhq_4868.png,Neutral,Young,Male
Neutral\ffhq_4870.png,Neutral,Adult,Female
Neutral\ffhq_4871.png,Neutral,Young,Male
Neutral\ffhq_4873.png,Neutral,Young,Female
Neutral\ffhq_4891.png,Neutral,Young,Male
Neutral\ffhq_4899.png,Neutral,Young,Male
Neutral\ffhq_4902.png,Neutral,Adult,Male
Neutral\ffhq_4903.png,Neutral,Adult,Male
Neutral\ffhq_4905.png,Neutral,Adult,Male
Neutral\ffhq_4908.png,Neutral,Adult,Male
Neutral\ffhq_4909.png,Neutral,Adult,Male
Neutral\ffhq_4914.png,Neutral,Adult,Male
Neutral\ffhq_4944.png,Neutral,Adult,Male
Neutral\ffhq_4946.png,Neutral,Young,Female
Neutral\ffhq_4957.png,Neutral,Young,Male
Neutral\ffhq_4965.png,Neutral,Young,Female
Neutral\ffhq_4979.png,Neutral,Adult,Male
Neutral\ffhq_4986.png,Neutral,Young,Female
Neutral\ffhq_4987.png,Neutral,Young,Male
Neutral\ffhq_4989.png,Neutral,Adult,Male
Neutral\ffhq_4998.png,Neutral,Adult,Male
Neutral\ffhq_4999.png,Neutral,Adult,Male
Neutral\ffhq_5008.png,Neutral,Young,Male
Neutral\ffhq_5019.png,Neutral,Adult,Male
Neutral\ffhq_5024.png,Neutral,Adult,Female
Neutral\ffhq_5031.png,Neutral,Young,Female
Neutral\ffhq_5035.png,Neutral,Young,Female
Neutral\ffhq_5037.png,Neutral,Adult,Male
Neutral\ffhq_5038.png,Neutral,Senior,Male
Neutral\ffhq_5041.png,Neutral,Adult,Male
Neutral\ffhq_5045.png,Neutral,Adult,Male
Neutral\ffhq_5056.png,Neutral,Adult,Male
Neutral\ffhq_5057.png,Neutral,Adult,Male
Neutral\ffhq_5066.png,Neutral,Adult,Male
Neutral\ffhq_5069.png,Neutral,Young,Male
Neutral\ffhq_5081.png,Neutral,Young,Male
Neutral\ffhq_5086.png,Neutral,Adult,Male
Neutral\ffhq_5087.png,Neutral,Adult,Male
Neutral\ffhq_5094.png,Neutral,Adult,Male
Neutral\ffhq_5096.png,Neutral,Young,Male
Neutral\ffhq_5097.png,Neutral,Young,Female
Neutral\ffhq_5100.png,Neutral,Young,Female
Neutral\ffhq_5111.png,Neutral,Adult,Male
Neutral\ffhq_5121.png,Neutral,Adult,Male
Neutral\ffhq_5126.png,Neutral,Young,Male
Neutral\ffhq_5144.png,Neutral,Young,Female
Neutral\ffhq_5148.png,Neutral,Young,Female
Neutral\ffhq_5152.png,Neutral,Adult,Female
Neutral\ffhq_5154.png,Neutral,Young,Female
Neutral\ffhq_5169.png,Neutral,Senior,Male
Neutral\ffhq_5176.png,Neutral,Adult,Male
Neutral\ffhq_5187.png,Neutral,Adult,Male
Neutral\ffhq_5189.png,Neutral,Young,Female
Neutral\ffhq_5190.png,Neutral,Young,Female
Neutral\ffhq_5191.png,Neutral,Adult,Male
Neutral\ffhq_5193.png,Neutral,Young,Female
Neutral\ffhq_5194.png,Neutral,Young,Female
Neutral\ffhq_5232.png,Neutral,Young,Male
Neutral\ffhq_5245.png,Neutral,Adult,Male
Neutral\ffhq_5257.png,Neutral,Adult,Male
Neutral\ffhq_5271.png,Neutral,Adult,Male
Neutral\ffhq_5272.png,Neutral,Adult,Male
Neutral\ffhq_5275.png,Neutral,Adult,Male
Neutral\ffhq_5300.png,Neutral,Young,Male
Neutral\ffhq_5315.png,Neutral,Adult,Male
Neutral\ffhq_5350.png,Neutral,Adult,Female
Neutral\ffhq_5372.png,Neutral,Young,Male
Neutral\ffhq_5387.png,Neutral,Adult,Male
Neutral\ffhq_5402.png,Neutral,Adult,Male
Neutral\ffhq_5405.png,Neutral,Adult,Female
Neutral\ffhq_5407.png,Neutral,Young,Female
Neutral\ffhq_5418.png,Neutral,Young,Male
Neutral\ffhq_5463.png,Neutral,Young,Female
Neutral\ffhq_5469.png,Neutral,Young,Male
Neutral\ffhq_5472.png,Neutral,Adult,Male
Neutral\ffhq_5473.png,Neutral,Adult,Male
Neutral\ffhq_5479.png,Neutral,Adult,Male
Neutral\ffhq_5481.png,Neutral,Adult,Male
Neutral\ffhq_5516.png,Neutral,Adult,Male
Neutral\ffhq_5517.png,Neutral,Adult,Female
Neutral\ffhq_5528.png,Neutral,Young,Male
Neutral\ffhq_5530.png,Neutral,Adult,Male
Neutral\ffhq_5532.png,Neutral,Young,Male
Neutral\ffhq_5547.png,Neutral,Senior,Male
Neutral\ffhq_5554.png,Neutral,Young,Male
Neutral\image0006632.jpg,Neutral,Adult,Male
Neutral\image0006723.jpg,Neutral,Young,Male
Neutral\image0013998.jpg,Neutral,Young,Male
Neutral\image0014239.jpg,Neutral,Adult,Male
Neutral\image0014465.jpg,Neutral,Adult,Male
Neutral\image0014532.jpg,Neutral,Young,Female
Neutral\image0014758.jpg,Neutral,Senior,Male
Neutral\image0015635.jpg,Neutral,Adult,Male
Neutral\image0015697.jpg,Neutral,Adult,Female
Neutral\image0016197.jpg,Neutral,Adult,Female
Neutral\image0016793.jpg,Neutral,Young,Male
Neutral\image0016821.jpg,Neutral,Adult,Female
Neutral\image0021813.jpg,Neutral,Young,Female
Neutral\image0021886.jpg,Neutral,Adult,Male
Neutral\image0022220.jpg,Neutral,Senior,Male
Neutral\image0022287.jpg,Neutral,Adult,Male
Neutral\image0022295.jpg,Neutral,Adult,Female
Neutral\image0022352.jpg,Neutral,Adult,Male
Neutral\image0022379.jpg,Neutral,Young,Female
Neutral\image0022384.jpg,Neutral,Adult,Male
Neutral\image0022449.jpg,Neutral,Adult,Male
Neutral\image0022731.jpg,Neutral,Adult,Female
Neutral\image0022736.jpg,Neutral,Adult,Male
Neutral\image0022873.jpg,Neutral,Senior,Male
Neutral\image0023293.jpg,Neutral,Adult,Male
Neutral\image0029148.jpg,Neutral,Senior,Male
Neutral\image0030852.jpg,Neutral,Adult,Male
Neutral\image0030914.jpg,Neutral,Young,Male
Neutral\image0031226.jpg,Neutral,Adult,Male
Neutral\image0031458.jpg,Neutral,Adult,Female
Neutral\image0032248.jpg,Neutral,Adult,Female
Neutral\image0032511.jpg,Neutral,Senior,Male
Neutral\image0032874.jpg,Neutral,Young,Female
Neutral\image0033250.jpg,Neutral,Adult,Female
Neutral\image0037009.jpg,Neutral,Adult,Male
Neutral\ffhq_5.png,Neutral,Young,Male
Neutral\ffhq_11.png,Neutral,Adult,Male
Neutral\ffhq_14.png,Neutral,Young,Female
Neutral\ffhq_20.png,Neutral,Adult,Male
Neutral\ffhq_21.png,Neutral,Adult,Female
Neutral\ffhq_25.png,Neutral,Young,Male
Neutral\ffhq_29.png,Neutral,Young,Female
Neutral\ffhq_30.png,Neutral,Adult,Female
Neutral\ffhq_32.png,Neutral,Young,Male
Neutral\ffhq_35.png,Neutral,Adult,Male
Neutral\ffhq_41.png,Neutral,Adult,Male
Neutral\ffhq_42.png,Neutral,Adult,Male
Neutral\ffhq_46.png,Neutral,Young,Female
Neutral\ffhq_49.png,Neutral,Young,Female
Neutral\ffhq_50.png,Neutral,Young,Male
Neutral\ffhq_51.png,Neutral,Adult,Male
Neutral\ffhq_52.png,Neutral,Young,Female
Neutral\ffhq_54.png,Neutral,Adult,Male
Neutral\ffhq_64.png,Neutral,Young,Female
Neutral\ffhq_69.png,Neutral,Young,Female
Neutral\ffhq_71.png,Neutral,Young,Male
Neutral\ffhq_73.png,Neutral,Adult,Female
Neutral\ffhq_78.png,Neutral,Adult,Female
Neutral\ffhq_87.png,Neutral,Young,Female
Neutral\ffhq_90.png,Neutral,Adult,Male
Neutral\ffhq_91.png,Neutral,Adult,Male
Neutral\ffhq_109.png,Neutral,Young,Male
Neutral\ffhq_119.png,Neutral,Adult,Male
Neutral\ffhq_120.png,Neutral,Young,Male
Neutral\ffhq_122.png,Neutral,Adult,Male
Neutral\ffhq_126.png,Neutral,Adult,Male
Neutral\ffhq_138.png,Neutral,Adult,Female
Neutral\ffhq_141.png,Neutral,Young,Male
Neutral\ffhq_142.png,Neutral,Young,Female
Neutral\ffhq_152.png,Neutral,Adult,Male
Neutral\ffhq_153.png,Neutral,Adult,Male
Neutral\ffhq_155.png,Neutral,Young,Female
Neutral\ffhq_158.png,Neutral,Adult,Male
Neutral\ffhq_178.png,Neutral,Adult,Male
Neutral\ffhq_187.png,Neutral,Adult,Male
Focused\ffhq_318.png,Focused,Adult,Male
Focused\ffhq_363.png,Focused,Young,Female
Focused\ffhq_396.png,Focused,Young,Male
Focused\ffhq_401.png,Focused,Adult,Male
Focused\ffhq_412.png,Focused,Adult,Male
Focused\ffhq_413.png,Focused,Adult,Male
Focused\ffhq_417.png,Focused,Adult,Male
Focused\ffhq_434.png,Focused,Adult,Male
Focused\ffhq_439.png,Focused,Adult,Female
Focused\ffhq_509.png,Focused,Adult,Male
Focused\ffhq_533.png,Focused,Adult,Male
Focused\ffhq_549.png,Focused,Adult,Male
Focused\ffhq_562.png,Focused,Adult,Male
Focused\ffhq_568.png,Focused,Adult,Male
Focused\ffhq_592.png,Focused,Adult,Male
Focused\ffhq_625.png,Focused,Adult,Male
Focused\ffhq_651.png,Focused,Adult,Male
Focused\ffhq_665.png,Focused,Adult,Male
Focused\ffhq_694.png,Focused,Adult,Female
Focused\ffhq_695.png,Focused,Senior,Male
Focused\ffhq_710.png,Focused,Adult,Male
Focused\ffhq_804.png,Focused,Adult,Male
Focused\ffhq_839.png,Focused,Adult,Female
Focused\ffhq_969.png,Focused,Senior,Female
Focused\ffhq_974.png,Focused,Adult,Male
Focused\ffhq_977.png,Focused,Adult,Male
Focused\ffhq_979.png,Focused,Adult,Female
Focused\ffhq_1001.png,Focused,Young,Female
Focused\ffhq_1006.png,Focused,Adult,Male
Focused\ffhq_1048.png,Focused,Senior,Female
Focused\ffhq_1053.png,Focused,Adult,Male
Focused\ffhq_1061.png,Focused,Adult,Male
Focused\ffhq_1069.png,Focused,Young,Female
Focused\ffhq_1095.png,Focused,Adult,Male
Focused\ffhq_1099.png,Focused,Senior,Male
Focused\ffhq_1113.png,Focused,Senior,Male
Focused\ffhq_1130.png,Focused,Young,Female
Focused\ffhq_1168.png,Focused,Adult,Male
Focused\ffhq_1272.png,Focused,Adult,Male
Focused\ffhq_1344.png,Focused,Adult,Male
Focused\ffhq_1367.png,Focused,Adult,Male
Focused\ffhq_1384.png,Focused,Adult,Male
Focused\ffhq_1412.png,Focused,Senior,Male
Focused\ffhq_1508.png,Focused,Adult,Male
Focused\ffhq_1518.png,Focused,Adult,Female
Focused\ffhq_1542.png,Focused,Adult,Male
Focused\ffhq_1577.png,Focused,Adult,Female
Focused\ffhq_1584.png,Focused,Adult,Male
Focused\ffhq_1585.png,Focused,Senior,Male
Focused\ffhq_1589.png,Focused,Adult,Female
Focused\ffhq_1626.png,Focused,Adult,Male
Focused\ffhq_1633.png,Focused,Adult,Male
Focused\ffhq_1779.png,Focused,Adult,Female
Focused\ffhq_1783.png,Focused,Adult,Male
Focused\ffhq_1791.png,Focused,Adult,Male
Focused\ffhq_1815.png,Focused,Senior,Male
Focused\ffhq_1847.png,Focused,Adult,Female
Focused\ffhq_1860.png,Focused,Adult,Female
Focused\ffhq_1910.png,Focused,Adult,Male
Focused\ffhq_2006.png,Focused,Adult,Male
Focused\ffhq_2028.png,Focused,Adult,Female
Focused\ffhq_2029.png,Focused,Adult,Male
Focused\ffhq_2030.png,Focused,Adult,Male
Focused\ffhq_2059.png,Focused,Adult,Male
Focused\ffhq_2062.png,Focused,Adult,Male
Focused\ffhq_2090.png,Focused,Adult,Female
Focused\ffhq_2095.png,Focused,Senior,Female
Focused\ffhq_2104.png,Focused,Young,Female
Focused\ffhq_2111.png,Focused,Adult,Male
Focused\ffhq_2124.png,Focused,Adult,Male
Focused\ffhq_2205.png,Focused,Young,Female
Focused\ffhq_2238.png,Focused,Adult,Female
Focused\ffhq_2243.png,Focused,Adult,Male
Focused\ffhq_2247.png,Focused,Senior,Male
Focused\ffhq_2258.png,Focused,Adult,Female
Focused\ffhq_2268.png,Focused,Adult,Female
Focused\ffhq_2284.png,Focused,Adult,Male
Focused\ffhq_2297.png,Focused,Adult,Male
Focused\ffhq_2304.png,Focused,Senior,Male
Focused\ffhq_2310.png,Focused,Young,Female
Focused\ffhq_2312.png,Focused,Adult,Male
Focused\ffhq_2315.png,Focused,Young,Female
Focused\ffhq_2338.png,Focused,Young,Female
Focused\ffhq_2344.png,Focused,Senior,Male
Focused\ffhq_2358.png,Focused,Adult,Male
Focused\ffhq_2368.png,Focused,Adult,Male
Focused\ffhq_2410.png,Focused,Senior,Male
Focused\ffhq_2416.png,Focused,Adult,Male
Focused\ffhq_2428.png,Focused,Adult,Male
Focused\ffhq_2430.png,Focused,Adult,Female
Focused\ffhq_2432.png,Focused,Adult,Male
Focused\ffhq_2512.png,Focused,Senior,Male
Focused\ffhq_2536.png,Focused,Adult,Female
Focused\ffhq_2555.png,Focused,Adult,Female
Focused\ffhq_2571.png,Focused,Adult,Male
Focused\ffhq_2577.png,Focused,Young,Female
Focused\ffhq_2582.png,Focused,Adult,Female
Focused\ffhq_2600.png,Focused,Adult,Male
Focused\ffhq_2603.png,Focused,Senior,Male
Focused\ffhq_2633.png,Focused,Senior,Male
Focused\ffhq_2636.png,Focused,Senior,Male
Focused\ffhq_2706.png,Focused,Adult,Male
Focused\ffhq_2743.png,Focused,Adult,Male
Focused\ffhq_2780.png,Focused,Adult,Male
Focused\ffhq_2873.png,Focused,Young,Male
Focused\ffhq_2910.png,Focused,Senior,Male
Focused\ffhq_2917.png,Focused,Senior,Male
Focused\ffhq_2944.png,Focused,Adult,Male
Focused\ffhq_2987.png,Focused,Young,Male
Focused\ffhq_2997.png,Focused,Young,Female
Focused\ffhq_3007.png,Focused,Senior,Male
Focused\ffhq_3011.png,Focused,Adult,Female
Focused\ffhq_3016.png,Focused,Adult,Male
Focused\ffhq_3066.png,Focused,Adult,Male
Focused\ffhq_3069.png,Focused,Senior,Female
Focused\ffhq_3111.png,Focused,Adult,Male
Focused\ffhq_3119.png,Focused,Adult,Male
Focused\ffhq_3759.png,Focused,Adult,Male
Focused\ffhq_3761.png,Focused,Senior,Male
Focused\ffhq_3802.png,Focused,Adult,Male
Focused\ffhq_3844.png,Focused,Young,Female
Focused\ffhq_4038.png,Focused,Young,Female
Focused\ffhq_4039.png,Focused,Senior,Male
Focused\ffhq_4062.png,Focused,Senior,Male
Focused\ffhq_4077.png,Focused,Adult,Male
Focused\ffhq_4124.png,Focused,Adult,Female
Focused\ffhq_4125.png,Focused,Adult,Male
Focused\ffhq_4161.png,Focused,Adult,Female
Focused\ffhq_4183.png,Focused,Senior,Male
Focused\ffhq_4269.png,Focused,Young,Female
Focused\ffhq_4273.png,Focused,Adult,Male
Focused\ffhq_4318.png,Focused,Young,Female
Focused\ffhq_4403.png,Focused,Adult,Male
Focused\ffhq_4411.png,Focused,Adult,Male
Focused\ffhq_4415.png,Focused,Adult,Male
Focused\ffhq_4419.png,Focused,Adult,Male
Focused\ffhq_4492.png,Focused,Young,Female
Focused\ffhq_4493.png,Focused,Adult,Male
Focused\ffhq_4503.png,Focused,Adult,Male
Focused\ffhq_4521.png,Focused,Young,Female
Focused\ffhq_4541.png,Focused,Adult,Male
Focused\ffhq_4550.png,Focused,Adult,Male
Focused\ffhq_4633.png,Focused,Adult,Male
Focused\ffhq_4648.png,Focused,Adult,Female
Focused\ffhq_4669.png,Focused,Young,Female
Focused\ffhq_4717.png,Focused,Adult,Male
Focused\ffhq_4722.png,Focused,Adult,Male
Focused\ffhq_4752.png,Focused,Adult,Male
Focused\ffhq_4764.png,Focused,Adult,Male
Focused\ffhq_4792.png,Focused,Adult,Male
Focused\ffhq_4886.png,Focused,Adult,Male
Focused\ffhq_4963.png,Focused,Adult,Male
Focused\ffhq_4978.png,Focused,Adult,Male
Focused\ffhq_5005.png,Focused,Young,Female
Focused\ffhq_5020.png,Focused,Adult,Male
Focused\ffhq_5047.png,Focused,Adult,Male
Focused\ffhq_5142.png,Focused,Adult,Male
Focused\ffhq_5147.png,Focused,Adult,Male
Focused\ffhq_5221.png,Focused,Senior,Male
Focused\ffhq_5284.png,Focused,Adult,Female
Focused\ffhq_5309.png,Focused,Adult,Female
Focused\ffhq_5312.png,Focused,Adult,Male
Focused\ffhq_5357.png,Focused,Senior,Male
Focused\ffhq_5365.png,Focused,Senior,Male
Focused\ffhq_5366.png,Focused,Adult,Male
Focused\ffhq_5637.png,Focused,Adult,Male
Focused\image0000027.jpg,Focused,Adult,Male
Focused\image0000047.jpg,Focused,Adult,Male
Focused\image0000094.jpg,Focused,Adult,Female
Focused\image0000106.jpg,Focused,Adult,Male
Focused\image0000138.jpg,Focused,Adult,Male
Focused\image0000160.jpg,Focused,Adult,Female
Focused\image0000228.jpg,Focused,Adult,Male
Focused\image0000356.jpg,Focused,Adult,Male
Focused\image0000416.jpg,Focused,Adult,Male
Focused\image0000539.jpg,Focused,Adult,Male
Focused\image0000723.jpg,Focused,Senior,Male
Focused\image0000993.jpg,Focused,Adult,Male
Focused\image0001015.jpg,Focused,Adult,Female
Focused\image0001066.jpg,Focused,Adult,Male
Focused\image0001105.jpg,Focused,Adult,Male
Focused\image0001113.jpg,Focused,Senior,Male
Focused\image0001247.jpg,Focused,Adult,Male
Focused\image0001458.jpg,Focused,Adult,Male
Focused\image0001524.jpg,Focused,Adult,Male
Focused\image0001680.jpg,Focused,Senior,Female
Focused\image0001892.jpg,Focused,Senior,Male
Focused\image0002028.jpg,Focused,Adult,Female
Focused\image0002378.jpg,Focused,Senior,Male
Focused\image0002529.jpg,Focused,Adult,Male
Focused\image0002685.jpg,Focused,Adult,Male
Focused\image0003192.jpg,Focused,Adult,Male
Focused\image0003237.jpg,Focused,Adult,Male
Focused\image0003330.jpg,Focused,Adult,Male
Focused\image0003672.jpg,Focused,Senior,Female
Focused\image0003971.jpg,Focused,Young,Male
Focused\image0004164.jpg,Focused,Adult,Male
Focused\image0004905.jpg,Focused,Adult,Female
Focused\image0005170.jpg,Focused,Adult,Female
Focused\image0006228.jpg,Focused,Adult,Male
Focused\image0006249.jpg,Focused,Adult,Male
Focused\image0006339.jpg,Focused,Adult,Male
Focused\image0006566.jpg,Focused,Adult,Male
Focused\image0006659.jpg,Focused,Young,Male
Focused\image0006778.jpg,Focused,Adult,Male
Focused\image0007128.jpg,Focused,Adult,Male
Focused\image0007165.jpg,Focused,Adult,Male
Focused\image0007479.jpg,Focused,Adult,Female
Focused\image0008189.jpg,Focused,Adult,Female
Focused\image0008461.jpg,Focused,Young,Female
Focused\image0008528.jpg,Focused,Adult,Male
Focused\image0009095.jpg,Focused,Adult,Male
Focused\image0009336.jpg,Focused,Adult,Male
Focused\image0009580.jpg,Focused,Adult,Male
Focused\image0009948.jpg,Focused,Adult,Male
Focused\image0009988.jpg,Focused,Adult,Male
Focused\image0010142.jpg,Focused,Adult,Male
Focused\image0010372.jpg,Focused,Senior,Male
Focused\image0010927.jpg,Focused,Adult,Female
Focused\image0011440.jpg,Focused,Adult,Female
Focused\image0011460.jpg,Focused,Adult,Male
Focused\image0011610.jpg,Focused,Adult,Male
Focused\image0011877.jpg,Focused,Adult,Male
Focused\image0012101.jpg,Focused,Adult,Male
Focused\image0012148.jpg,Focused,Adult,Male
Focused\image0012235.jpg,Focused,Senior,Male
Focused\image0012274.jpg,Focused,Adult,Male
Focused\image0012314.jpg,Focused,Adult,Male
Focused\image0013605.jpg,Focused,Adult,Male
Focused\image0013619.jpg,Focused,Senior,Male
Focused\image0013705.jpg,Focused,Adult,Male
Focused\image0013733.jpg,Focused,Senior,Male
Focused\image0013759.jpg,Focused,Adult,Female
Focused\image0013826.jpg,Focused,Senior,Male
Focused\image0013842.jpg,Focused,Adult,Male
Focused\image0013860.jpg,Focused,Senior,Male
Focused\image0013888.jpg,Focused,Adult,Male
Focused\image0014462.jpg,Focused,Adult,Male
Focused\image0014847.jpg,Focused,Adult,Male
Focused\image0014896.jpg,Focused,Adult,Male
Focused\image0014952.jpg,Focused,Senior,Male
Focused\image0015048.jpg,Focused,Adult,Male
Focused\image0015342.jpg,Focused,Adult,Female
Focused\image0015570.jpg,Focused,Adult,Male
Focused\image0015675.jpg,Focused,Adult,Male
Focused\image0016125.jpg,Focused,Adult,Male
Focused\image0016320.jpg,Focused,Senior,Male
Focused\image0016322.jpg,Focused,Young,Female
Focused\image0016716.jpg,Focused,Adult,Male
Focused\image0017715.jpg,Focused,Adult,Male
Focused\image0017840.jpg,Focused,Adult,Male
Focused\image0017841.jpg,Focused,Adult,Male
Focused\image0017987.jpg,Focused,Adult,Male
Focused\image0018082.jpg,Focused,Adult,Male
Focused\image0018157.jpg,Focused,Adult,Male
Focused\image0018290.jpg,Focused,Adult,Female
Focused\image0018332.jpg,Focused,Adult,Female
Focused\image0018524.jpg,Focused,Adult,Female
Focused\image0019025.jpg,Focused,Adult,Male
Focused\image0019061.jpg,Focused,Adult,Male
Focused\image0019097.jpg,Focused,Adult,Male
Focused\image0019234.jpg,Focused,Adult,Male
Focused\image0019290.jpg,Focused,Adult,Male
Focused\image0020298.jpg,Focused,Adult,Male
Focused\image0020421.jpg,Focused,Adult,Male
Focused\image0020514.jpg,Focused,Adult,Male
Focused\image0020541.jpg,Focused,Senior,Male
Focused\image0020667.jpg,Focused,Adult,Female
Focused\image0020673.jpg,Focused,Adult,Female
Focused\image0020693.jpg,Focused,Senior,Male
Focused\image0020765.jpg,Focused,Adult,Male
Focused\image0020800.jpg,Focused,Adult,Male
Focused\image0020810.jpg,Focused,Adult,Female
Focused\image0020833.jpg,Focused,Adult,Male
Focused\image0021359.jpg,Focused,Adult,Male
Focused\image0021660.jpg,Focused,Adult,Male
Focused\image0021687.jpg,Focused,Adult,Female
Focused\image0021725.jpg,Focused,Adult,Male
Focused\image0021815.jpg,Focused,Adult,Male
Focused\image0021856.jpg,Focused,Young,Male
Focused\image0021913.jpg,Focused,Adult,Male
Focused\image0021985.jpg,Focused,Adult,Female
Focused\image0022241.jpg,Focused,Adult,Male
Focused\image0022706.jpg,Focused,Adult,Male
Focused\image0022784.jpg,Focused,Adult,Male
Focused\image0023165.jpg,Focused,Adult,Female
Focused\image0023211.jpg,Focused,Adult,Male
Focused\image0023538.jpg,Focused,Adult,Male
Focused\image0023576.jpg,Focused,Senior,Male
Focused\image0023640.jpg,Focused,Senior,Male
Focused\image0023976.jpg,Focused,Young,Male
Focused\image0024701.jpg,Focused,Adult,Female
Focused\image0025063.jpg,Focused,Adult,Male
Focused\image0025153.jpg,Focused,Adult,Male
Focused\image0025171.jpg,Focused,Young,Male
Focused\image0025456.jpg,Focused,Adult,Female
Focused\image0025476.jpg,Focused,Adult,Female
Focused\image0025505.jpg,Focused,Adult,Male
Focused\image0025584.jpg,Focused,Adult,Male
Focused\image0025622.jpg,Focused,Adult,Male
Focused\image0025992.jpg,Focused,Adult,Male
Focused\image0026074.jpg,Focused,Adult,Male
Focused\image0026109.jpg,Focused,Adult,Male
Focused\image0026353.jpg,Focused,Young,Female
Focused\image0026471.jpg,Focused,Adult,Female
Focused\image0026497.jpg,Focused,Senior,Male
Focused\image0026715.jpg,Focused,Adult,Male
Focused\image0026839.jpg,Focused,Adult,Male
Focused\image0026900.jpg,Focused,Adult,Male
Focused\image0026916.jpg,Focused,Senior,Male
Focused\image0026938.jpg,Focused,Adult,Male
Focused\image0026977.jpg,Focused,Senior,Male
Focused\image0026984.jpg,Focused,Adult,Male
Focused\image0027020.jpg,Focused,Adult,Male
Focused\image0027023.jpg,Focused,Senior,Male
Focused\image0027170.jpg,Focused,Adult,Male
Focused\image0027371.jpg,Focused,Adult,Male
Focused\image0027735.jpg,Focused,Senior,Male
Focused\image0027804.jpg,Focused,Adult,Male
Focused\image0027844.jpg,Focused,Adult,Male
Focused\image0028090.jpg,Focused,Adult,Male
Focused\image0028106.jpg,Focused,Adult,Female
Focused\image0028238.jpg,Focused,Adult,Male
Focused\image0028438.jpg,Focused,Adult,Male
Focused\image0028440.jpg,Focused,Adult,Male
Focused\image0028473.jpg,Focused,Adult,Male
Focused\image0028738.jpg,Focused,Adult,Male
Focused\image0028848.jpg,Focused,Adult,Female
Focused\image0029082.jpg,Focused,Adult,Male
Focused\image0029195.jpg,Focused,Adult,Female
Focused\image0029196.jpg,Focused,Adult,Male
Focused\image0029215.jpg,Focused,Senior,Male
Focused\image0029294.jpg,Focused,Senior,Male
Focused\image0029298.jpg,Focused,Adult,Male
Focused\image0029338.jpg,Focused,Adult,Male
Focused\image0029342.jpg,Focused,Adult,Male
Focused\image0029459.jpg,Focused,Adult,Male
Focused\image0029640.jpg,Focused,Adult,Male
Focused\image0029846.jpg,Focused,Adult,Male
Focused\image0029855.jpg,Focused,Adult,Male
Focused\image0029869.jpg,Focused,Senior,Male
Focused\image0029931.jpg,Focused,Senior,Male
Focused\image0029962.jpg,Focused,Senior,Female
Focused\image0030235.jpg,Focused,Adult,Male
Focused\image0030264.jpg,Focused,Senior,Male
Focused\image0030327.jpg,Focused,Senior,Male
Focused\image0030358.jpg,Focused,Senior,Male
Focused\image0030569.jpg,Focused,Adult,Male
Focused\image0030755.jpg,Focused,Young,Female
Focused\image0030797.jpg,Focused,Adult,Male
Focused\image0030910.jpg,Focused,Adult,Female
Focused\image0030960.jpg,Focused,Adult,Male
Focused\image0031078.jpg,Focused,Adult,Male
Focused\image0031384.jpg,Focused,Senior,Male
Focused\image0031390.jpg,Focused,Young,Male
Focused\image0031443.jpg,Focused,Adult,Male
Focused\image0031549.jpg,Focused,Adult,Male
Focused\image0031593.jpg,Focused,Senior,Male
Focused\image0031784.jpg,Focused,Adult,Male
Focused\image0031845.jpg,Focused,Adult,Female
Focused\image0031878.jpg,Focused,Adult,Male
Focused\image0031949.jpg,Focused,Adult,Male
Focused\image0031968.jpg,Focused,Senior,Male
Focused\image0031997.jpg,Focused,Adult,Male
Focused\image0032029.jpg,Focused,Adult,Female
Focused\image0032079.jpg,Focused,Senior,Male
Focused\image0032080.jpg,Focused,Adult,Male
Focused\image0032118.jpg,Focused,Senior,Male
Focused\image0032156.jpg,Focused,Senior,Male
Focused\image0032185.jpg,Focused,Adult,Female
Focused\image0032477.jpg,Focused,Adult,Female
Focused\image0032569.jpg,Focused,Senior,Female
Focused\image0032594.jpg,Focused,Adult,Male
Focused\image0032633.jpg,Focused,Adult,Male
Focused\image0032639.jpg,Focused,Adult,Male
Focused\image0032670.jpg,Focused,Adult,Male
Focused\image0032772.jpg,Focused,Adult,Female
Focused\image0032861.jpg,Focused,Adult,Male
Focused\image0032864.jpg,Focused,Young,Male
Focused\image0032902.jpg,Focused,Adult,Male
Focused\image0033047.jpg,Focused,Senior,Male
Focused\image0033088.jpg,Focused,Adult,Female
Focused\image0033105.jpg,Focused,Adult,Male
Focused\image0033146.jpg,Focused,Adult,Male
Focused\image0033175.jpg,Focused,Adult,Male
Focused\image0033207.jpg,Focused,Adult,Male
Focused\image0033210.jpg,Focused,Adult,Male
Focused\image0033312.jpg,Focused,Senior,Male
Focused\image0033404.jpg,Focused,Adult,Male
Focused\image0033461.jpg,Focused,Adult,Male
Focused\image0033542.jpg,Focused,Adult,Male
Focused\image0033565.jpg,Focused,Adult,Male
Focused\image0033636.jpg,Focused,Adult,Male
Focused\image0034192.jpg,Focused,Adult,Female
Focused\image0034232.jpg,Focused,Adult,Male
Focused\image0034233.jpg,Focused,Adult,Male
Focused\image0034405.jpg,Focused,Young,Male
Focused\image0034624.jpg,Focused,Adult,Male
Focused\image0034661.jpg,Focused,Adult,Male
Focused\image0034705.jpg,Focused,Adult,Female
Focused\image0034846.jpg,Focused,Adult,Male
Focused\image0034879.jpg,Focused,Adult,Male
Focused\image0035172.jpg,Focused,Adult,Male
Focused\image0035184.jpg,Focused,Adult,Male
Focused\image0035974.jpg,Focused,Adult,Male
Focused\image0035976.jpg,Focused,Young,Male
Focused\image0035982.jpg,Focused,Adult,Male
Focused\image0036206.jpg,Focused,Adult,Male
Focused\image0036219.jpg,Focused,Adult,Male
Focused\image0036370.jpg,Focused,Senior,Male
Focused\image0036434.jpg,Focused,Adult,Male
Focused\image0036532.jpg,Focused,Adult,Female
Focused\image0036876.jpg,Focused,Senior,Female
Focused\image0036971.jpg,Focused,Adult,Male
Focused\image0037033.jpg,Focused,Adult,Male
Focused\image0037132.jpg,Focused,Senior,Male
Focused\image0037645.jpg,Focused,Adult,Male
Focused\image0037668.jpg,Focused,Adult,Male
Focused\image0037848.jpg,Focused,Adult,Male
Focused\image0037904.jpg,Focused,Senior,Male
Focused\image0038200.jpg,Focused,Young,Male
Focused\image0038202.jpg,Focused,Adult,Male
Focused\image0038377.jpg,Focused,Young,Male
Focused\image0038482.jpg,Focused,Adult,Male
Focused\image0038562.jpg,Focused,Adult,Male
Focused\image0038715.jpg,Focused,Adult,Male
Focused\image0038904.jpg,Focused,Adult,Female
Focused\image0038943.jpg,Focused,Adult,Male
Focused\image0038951.jpg,Focused,Senior,Male
Focused\image0038965.jpg,Focused,Senior,Male
Focused\image0039148.jpg,Focused,Young,Male
Focused\image0039260.jpg,Focused,Senior,Male
Focused\image0039380.jpg,Focused,Senior,Male
Focused\image0039497.jpg,Focused,Adult,Male
Focused\image0039501.jpg,Focused,Adult,Male
Focused\image0039528.jpg,Focused,Adult,Male
Focused\image0039678.jpg,Focused,Adult,Male
Focused\image0039687.jpg,Focused,Adult,Male
Focused\image0040033.jpg,Focused,Adult,Male
Focused\image0040062.jpg,Focused,Adult,Male
Focused\image0040213.jpg,Focused,Adult,Male
Focused\image0040452.jpg,Focused,Senior,Male
Focused\image0040513.jpg,Focused,Adult,Female
Focused\image0040519.jpg,Focused,Adult,Male
Focused\image0040535.jpg,Focused,Adult,Male
Focused\image0040649.jpg,Focused,Senior,Male
Focused\image0040797.jpg,Focused,Adult,Male
Focused\image0040855.jpg,Focused,Young,Male
Focused\image0040991.jpg,Focused,Adult,Male
Focused\image0041036.jpg,Focused,Adult,Male
Focused\image0041044.jpg,Focused,Adult,Male
Focused\image0041081.jpg,Focused,Adult,Male
Focused\image0041258.jpg,Focused,Adult,Male
Focused\image0041314.jpg,Focused,Adult,Male
Focused\image0041561.jpg,Focused,Adult,Male
Focused\image0041659.jpg,Focused,Adult,Male
Focused\image0041964.jpg,Focused,Adult,Male
Focused\image0042199.jpg,Focused,Adult,Female
Focused\image0042256.jpg,Focused,Senior,Female
Focused\image0042259.jpg,Focused,Young,Male
Focused\image0042319.jpg,Focused,Adult,Male
Focused\image0042368.jpg,Focused,Adult,Female
Focused\image0042389.jpg,Focused,Adult,Male
Focused\image0042448.jpg,Focused,Adult,Male
Focused\image9999989.jpg,Focused,Young,Female
Focused\ffhq_23.png,Focused,Young,Male
Focused\ffhq_1.png,Focused,Adult,Male
Focused\ffhq_6.png,Focused,Young,Male
Focused\ffhq_13.png,Focused,Senior,Male
Focused\ffhq_14.png,Focused,Adult,Male
Focused\ffhq_15.png,Focused,Adult,Female
Focused\ffhq_17.png,Focused,Adult,Male
Focused\ffhq_19.png,Focused,Adult,Male
Focused\ffhq_20.png,Focused,Adult,Male
Focused\ffhq_22.png,Focused,Adult,Male
Focused\ffhq_25.png,Focused,Adult,Male
Focused\ffhq_24.png,Focused,Adult,Female
Focused\ffhq_35.png,Focused,Adult,Female
Focused\ffhq_42.png,Focused,Senior,Female
Focused\ffhq_44.png,Focused,Young,Female
Focused\ffhq_46.png,Focused,Young,Male
Focused\ffhq_66.png,Focused,Adult,Female
Focused\ffhq_72.png,Focused,Senior,Male
Focused\ffhq_95.png,Focused,Adult,Male
Focused\ffhq_98.png,Focused,Adult,Male
Focused\ffhq_123.png,Focused,Adult,Female
Focused\ffhq_129.png,Focused,Adult,Male
Focused\ffhq_158.png,Focused,Senior,Male
Focused\ffhq_163.png,Focused,Senior,Male
Focused\ffhq_190.png,Focused,Senior,Male
Focused\ffhq_213.png,Focused,Senior,Male
Focused\ffhq_215.png,Focused,Adult,Male
Focused\ffhq_216.png,Focused,Adult,Male
Focused\ffhq_220.png,Focused,Adult,Female
Focused\ffhq_231.png,Focused,Adult,Male
Focused\ffhq_252.png,Focused,Adult,Male
Focused\ffhq_253.png,Focused,Adult,Female
Focused\ffhq_254.png,Focused,Adult,Male
Focused\ffhq_255.png,Focused,Adult,Male
Focused\ffhq_272.png,Focused,Adult,Male
Surprised\ffhq_191.png,Surprised,Adult,Female
Surprised\ffhq_211.png,Surprised,Adult,Female
Surprised\ffhq_273.png,Surprised,Young,Female
Surprised\ffhq_283.png,Surprised,Senior,Male
Surprised\ffhq_317.png,Surprised,Adult,Male
Surprised\ffhq_354.png,Surprised,Adult,Female
Surprised\ffhq_374.png,Surprised,Adult,Female
Surprised\ffhq_379.png,Surprised,Adult,Male
Surprised\ffhq_384.png,Surprised,Young,Female
Surprised\ffhq_400.png,Surprised,Adult,Male
Surprised\ffhq_401.png,Surprised,Young,Male
Surprised\ffhq_421.png,Surprised,Adult,Male
Surprised\ffhq_423.png,Surprised,Adult,Male
Surprised\ffhq_425.png,Surprised,Adult,Female
Surprised\ffhq_429.png,Surprised,Adult,Female
Surprised\ffhq_438.png,Surprised,Young,Male
Surprised\ffhq_440.png,Surprised,Senior,Male
Surprised\ffhq_443.png,Surprised,Adult,Male
Surprised\ffhq_463.png,Surprised,Adult,Female
Surprised\ffhq_468.png,Surprised,Adult,Male
Surprised\ffhq_561.png,Surprised,Young,Male
Surprised\ffhq_565.png,Surprised,Adult,Female
Surprised\ffhq_567.png,Surprised,Adult,Female
Surprised\ffhq_570.png,Surprised,Young,Male
Surprised\ffhq_575.png,Surprised,Adult,Male
Surprised\ffhq_576.png,Surprised,Young,Male
Surprised\ffhq_583.png,Surprised,Adult,Male
Surprised\ffhq_585.png,Surprised,Young,Male
Surprised\ffhq_589.png,Surprised,Adult,Male
Surprised\ffhq_599.png,Surprised,Adult,Male
Surprised\ffhq_600.png,Surprised,Adult,Female
Surprised\ffhq_609.png,Surprised,Adult,Male
Surprised\ffhq_611.png,Surprised,Senior,Male
Surprised\ffhq_616.png,Surprised,Adult,Male
Surprised\ffhq_620.png,Surprised,Senior,Male
Surprised\ffhq_621.png,Surprised,Senior,Male
Surprised\ffhq_622.png,Surprised,Adult,Male
Surprised\ffhq_623.png,Surprised,Adult,Female
Surprised\ffhq_625.png,Surprised,Adult,Female
Surprised\ffhq_626.png,Surprised,Adult,Female
Surprised\ffhq_631.png,Surprised,Adult,Male
Surprised\ffhq_641.png,Surprised,Adult,Male
Surprised\ffhq_644.png,Surprised,Adult,Female
Surprised\ffhq_647.png,Surprised,Adult,Male
Surprised\ffhq_648.png,Surprised,Young,Female
Surprised\ffhq_652.png,Surprised,Adult,Male
Surprised\ffhq_653.png,Surprised,Adult,Female
Surprised\ffhq_654.png,Surprised,Adult,Female
Surprised\ffhq_655.png,Surprised,Young,Female
Surprised\ffhq_656.png,Surprised,Adult,Male
Surprised\ffhq_657.png,Surprised,Adult,Male
Surprised\ffhq_660.png,Surprised,Adult,Male
Surprised\image0000159.jpg,Surprised,Adult,Male
Surprised\image0000442.jpg,Surprised,Adult,Male
Surprised\image0000534.jpg,Surprised,Adult,Male
Surprised\image0000579.jpg,Surprised,Young,Male
Surprised\image0000646.jpg,Surprised,Adult,Female
Surprised\image0000659.jpg,Surprised,Adult,Male
Surprised\image0000859.jpg,Surprised,Adult,Female
Surprised\image0000982.jpg,Surprised,Young,Male
Surprised\image0001164.jpg,Surprised,Senior,Male
Surprised\image0001492.jpg,Surprised,Adult,Male
Surprised\image0001924.jpg,Surprised,Adult,Male
Surprised\image0002170.jpg,Surprised,Adult,Male
Surprised\image0002194.jpg,Surprised,Adult,Female
Surprised\image0002460.jpg,Surprised,Adult,Male
Surprised\image0002825.jpg,Surprised,Young,Female
Surprised\image0002870.jpg,Surprised,Adult,Male
Surprised\image0003499.jpg,Surprised,Adult,Male
Surprised\image0003696.jpg,Surprised,Adult,Male
Surprised\image0003798.jpg,Surprised,Young,Male
Surprised\image0003822.jpg,Surprised,Young,Male
Surprised\image0003927.jpg,Surprised,Young,Female
Surprised\image0004039.jpg,Surprised,Adult,Male
Surprised\image0004058.jpg,Surprised,Young,Male
Surprised\image0004067.jpg,Surprised,Adult,Female
Surprised\image0004070.jpg,Surprised,Adult,Male
Surprised\image0004195.jpg,Surprised,Adult,Male
Surprised\image0004284.jpg,Surprised,Adult,Female
Surprised\image0004682.jpg,Surprised,Young,Female
Surprised\image0004799.jpg,Surprised,Young,Male
Surprised\image0004829.jpg,Surprised,Young,Male
Surprised\image0004998.jpg,Surprised,Adult,Female
Surprised\image0004999.jpg,Surprised,Adult,Female
Surprised\image0005176.jpg,Surprised,Young,Female
Surprised\image0005345.jpg,Surprised,Adult,Female
Surprised\image0005614.jpg,Surprised,Young,Male
Surprised\image0005954.jpg,Surprised,Senior,Male
Surprised\image0006028.jpg,Surprised,Adult,Female
Surprised\image0006040.jpg,Surprised,Young,Male
Surprised\image0006134.jpg,Surprised,Adult,Male
Surprised\image0006398.jpg,Surprised,Adult,Female
Surprised\image0006399.jpg,Surprised,Adult,Male
Surprised\image0006567.jpg,Surprised,Adult,Female
Surprised\image0006713.jpg,Surprised,Adult,Female
Surprised\image0006911.jpg,Surprised,Young,Male
Surprised\image0007081.jpg,Surprised,Adult,Male
Surprised\image0007120.jpg,Surprised,Adult,Male
Surprised\image0007283.jpg,Surprised,Adult,Male
Surprised\image0007336.jpg,Surprised,Adult,Male
Surprised\image0007383.jpg,Surprised,Adult,Male
Surprised\image0007580.jpg,Surprised,Adult,Female
Surprised\image0007703.jpg,Surprised,Young,Male
Surprised\image0007748.jpg,Surprised,Young,Male
Surprised\image0007874.jpg,Surprised,Adult,Male
Surprised\image0008002.jpg,Surprised,Adult,Male
Surprised\image0008040.jpg,Surprised,Adult,Female
Surprised\image0008128.jpg,Surprised,Young,Female
Surprised\image0008350.jpg,Surprised,Adult,Female
Surprised\image0008606.jpg,Surprised,Adult,Female
Surprised\image0008905.jpg,Surprised,Young,Male
Surprised\image0008939.jpg,Surprised,Adult,Male
Surprised\image0008945.jpg,Surprised,Senior,Male
Surprised\image0008953.jpg,Surprised,Senior,Male
Surprised\image0008986.jpg,Surprised,Young,Female
Surprised\image0009136.jpg,Surprised,Adult,Female
Surprised\image0009526.jpg,Surprised,Young,Male
Surprised\image0009588.jpg,Surprised,Adult,Female
Surprised\image0009825.jpg,Surprised,Senior,Male
Surprised\image0010019.jpg,Surprised,Adult,Male
Surprised\image0010062.jpg,Surprised,Young,Male
Surprised\image0010220.jpg,Surprised,Adult,Male
Surprised\image0010328.jpg,Surprised,Adult,Male
Surprised\image0010340.jpg,Surprised,Young,Male
Surprised\image0010474.jpg,Surprised,Young,Male
Surprised\image0010550.jpg,Surprised,Adult,Male
Surprised\image0010577.jpg,Surprised,Adult,Female
Surprised\image0010762.jpg,Surprised,Young,Female
Surprised\image0010853.jpg,Surprised,Young,Male
Surprised\image0010960.jpg,Surprised,Adult,Male
Surprised\image0011088.jpg,Surprised,Adult,Female
Surprised\image0011108.jpg,Surprised,Adult,Female
Surprised\image0011146.jpg,Surprised,Adult,Male
Surprised\image0011272.jpg,Surprised,Adult,Female
Surprised\image0011383.jpg,Surprised,Adult,Male
Surprised\image0011402.jpg,Surprised,Adult,Male
Surprised\image0011415.jpg,Surprised,Adult,Female
Surprised\image0011447.jpg,Surprised,Adult,Male
Surprised\image0011589.jpg,Surprised,Adult,Male
Surprised\image0011824.jpg,Surprised,Adult,Female
Surprised\image0011936.jpg,Surprised,Young,Male
Surprised\image0012155.jpg,Surprised,Senior,Male
Surprised\image0012168.jpg,Surprised,Young,Male
Surprised\image0012288.jpg,Surprised,Adult,Female
Surprised\image0012381.jpg,Surprised,Adult,Male
Surprised\image0012417.jpg,Surprised,Adult,Male
Surprised\image0012463.jpg,Surprised,Adult,Female
Surprised\image0012479.jpg,Surprised,Senior,Male
Surprised\image0012517.jpg,Surprised,Adult,Female
Surprised\image0012735.jpg,Surprised,Adult,Male
Surprised\image0012758.jpg,Surprised,Young,Female
Surprised\image0013184.jpg,Surprised,Adult,Female
Surprised\image0013328.jpg,Surprised,Adult,Female
Surprised\image0013351.jpg,Surprised,Adult,Female
Surprised\image0013495.jpg,Surprised,Young,Female
Surprised\image0013516.jpg,Surprised,Adult,Female
Surprised\image0013532.jpg,Surprised,Adult,Female
Surprised\image0013647.jpg,Surprised,Adult,Female
Surprised\image0013710.jpg,Surprised,Young,Female
Surprised\image0013739.jpg,Surprised,Adult,Female
Surprised\image0013921.jpg,Surprised,Senior,Male
Surprised\image0013932.jpg,Surprised,Young,Male
Surprised\image0014056.jpg,Surprised,Senior,Male
Surprised\image0014088.jpg,Surprised,Adult,Male
Surprised\image0014098.jpg,Surprised,Adult,Male
Surprised\image0014116.jpg,Surprised,Adult,Female
Surprised\image0014124.jpg,Surprised,Senior,Male
Surprised\image0014225.jpg,Surprised,Adult,Male
Surprised\image0014254.jpg,Surprised,Senior,Female
Surprised\image0014292.jpg,Surprised,Adult,Female
Surprised\image0014408.jpg,Surprised,Young,Male
Surprised\image0014436.jpg,Surprised,Adult,Male
Surprised\image0014576.jpg,Surprised,Young,Male
Surprised\image0014589.jpg,Surprised,Adult,Male
Surprised\image0014596.jpg,Surprised,Adult,Male
Surprised\image0014762.jpg,Surprised,Adult,Male
Surprised\image0014991.jpg,Surprised,Adult,Male
Surprised\image0015054.jpg,Surprised,Young,Male
Surprised\image0015060.jpg,Surprised,Adult,Male
Surprised\image0015092.jpg,Surprised,Young,Male
Surprised\image0015096.jpg,Surprised,Young,Female
Surprised\image0015208.jpg,Surprised,Adult,Female
Surprised\image0015252.jpg,Surprised,Young,Female
Surprised\image0015273.jpg,Surprised,Adult,Male
Surprised\image0015707.jpg,Surprised,Adult,Male
Surprised\image0015761.jpg,Surprised,Adult,Female
Surprised\image0015774.jpg,Surprised,Adult,Female
Surprised\image0015775.jpg,Surprised,Young,Male
Surprised\image0015926.jpg,Surprised,Adult,Female
Surprised\image0016063.jpg,Surprised,Senior,Male
Surprised\image0016269.jpg,Surprised,Adult,Female
Surprised\image0016440.jpg,Surprised,Adult,Male
Surprised\image0016481.jpg,Surprised,Adult,Male
Surprised\image0016632.jpg,Surprised,Adult,Female
Surprised\image0017051.jpg,Surprised,Young,Male
Surprised\image0017057.jpg,Surprised,Adult,Female
Surprised\image0017100.jpg,Surprised,Young,Male
Surprised\image0017358.jpg,Surprised,Adult,Male
Surprised\image0017512.jpg,Surprised,Adult,Female
Surprised\image0017607.jpg,Surprised,Adult,Female
Surprised\image0017754.jpg,Surprised,Adult,Female
Surprised\image0017897.jpg,Surprised,Young,Female
Surprised\image0018012.jpg,Surprised,Adult,Female
Surprised\image0018231.jpg,Surprised,Young,Male
Surprised\image0018423.jpg,Surprised,Adult,Female
Surprised\image0018621.jpg,Surprised,Young,Female
Surprised\image0018623.jpg,Surprised,Young,Female
Surprised\image0018668.jpg,Surprised,Young,Female
Surprised\image0018964.jpg,Surprised,Adult,Female
Surprised\image0019113.jpg,Surprised,Young,Female
Surprised\image0019610.jpg,Surprised,Adult,Female
Surprised\image0019697.jpg,Surprised,Senior,Male
Surprised\image0019766.jpg,Surprised,Young,Male
Surprised\image0019923.jpg,Surprised,Adult,Male
Surprised\image0020097.jpg,Surprised,Adult,Male
Surprised\image0020153.jpg,Surprised,Young,Female
Surprised\image0020162.jpg,Surprised,Young,Male
Surprised\image0020243.jpg,Surprised,Young,Male
Surprised\image0020373.jpg,Surprised,Young,Female
Surprised\image0020473.jpg,Surprised,Young,Male
Surprised\image0020628.jpg,Surprised,Young,Female
Surprised\image0020678.jpg,Surprised,Senior,Male
Surprised\image0020722.jpg,Surprised,Adult,Male
Surprised\image0020724.jpg,Surprised,Adult,Female
Surprised\image0020748.jpg,Surprised,Senior,Male
Surprised\image0020764.jpg,Surprised,Adult,Male
Surprised\image0020767.jpg,Surprised,Adult,Male
Surprised\image0020972.jpg,Surprised,Adult,Female
Surprised\image0021125.jpg,Surprised,Young,Female
Surprised\image0021195.jpg,Surprised,Senior,Male
Surprised\image0021345.jpg,Surprised,Adult,Male
Surprised\image0021362.jpg,Surprised,Adult,Female
Surprised\image0021393.jpg,Surprised,Adult,Female
Surprised\image0021400.jpg,Surprised,Adult,Female
Surprised\image0021585.jpg,Surprised,Adult,Female
Surprised\image0021754.jpg,Surprised,Adult,Male
Surprised\image0021782.jpg,Surprised,Adult,Male
Surprised\image0021787.jpg,Surprised,Young,Male
Surprised\image0021794.jpg,Surprised,Adult,Male
Surprised\image0022077.jpg,Surprised,Young,Male
Surprised\image0022087.jpg,Surprised,Young,Male
Surprised\image0022100.jpg,Surprised,Adult,Male
Surprised\image0022162.jpg,Surprised,Young,Female
Surprised\image0022172.jpg,Surprised,Adult,Female
Surprised\image0022205.jpg,Surprised,Young,Female
Surprised\image0022353.jpg,Surprised,Adult,Male
Surprised\image0022387.jpg,Surprised,Adult,Female
Surprised\image0022414.jpg,Surprised,Adult,Female
Surprised\image0022469.jpg,Surprised,Young,Male
Surprised\image0022824.jpg,Surprised,Young,Male
Surprised\image0022837.jpg,Surprised,Adult,Female
Surprised\image0022874.jpg,Surprised,Young,Female
Surprised\image0023042.jpg,Surprised,Young,Male
Surprised\image0023130.jpg,Surprised,Adult,Female
Surprised\image0023178.jpg,Surprised,Adult,Male
Surprised\image0023369.jpg,Surprised,Adult,Male
Surprised\image0023812.jpg,Surprised,Adult,Male
Surprised\image0023815.jpg,Surprised,Young,Male
Surprised\image0023975.jpg,Surprised,Adult,Female
Surprised\image0024015.jpg,Surprised,Adult,Male
Surprised\image0024102.jpg,Surprised,Adult,Male
Surprised\image0024151.jpg,Surprised,Adult,Male
Surprised\image0024306.jpg,Surprised,Adult,Male
Surprised\image0024393.jpg,Surprised,Adult,Female
Surprised\image0024401.jpg,Surprised,Adult,Female
Surprised\image0024412.jpg,Surprised,Adult,Female
Surprised\image0024597.jpg,Surprised,Young,Female
Surprised\image0024715.jpg,Surprised,Adult,Male
Surprised\image0024734.jpg,Surprised,Senior,Male
Surprised\image0024933.jpg,Surprised,Senior,Male
Surprised\image0025012.jpg,Surprised,Adult,Male
Surprised\image0025083.jpg,Surprised,Young,Female
Surprised\image0025404.jpg,Surprised,Adult,Female
Surprised\image0025452.jpg,Surprised,Adult,Male
Surprised\image0025457.jpg,Surprised,Adult,Female
Surprised\image0025759.jpg,Surprised,Young,Female
Surprised\image0025803.jpg,Surprised,Adult,Male
Surprised\image0025896.jpg,Surprised,Young,Male
Surprised\image0026166.jpg,Surprised,Adult,Female
Surprised\image0026419.jpg,Surprised,Adult,Female
Surprised\image0026423.jpg,Surprised,Young,Female
Surprised\image0026766.jpg,Surprised,Adult,Male
Surprised\image0026849.jpg,Surprised,Adult,Male
Surprised\image0026850.jpg,Surprised,Young,Female
Surprised\image0026863.jpg,Surprised,Adult,Male
Surprised\image0026890.jpg,Surprised,Adult,Male
Surprised\image0026936.jpg,Surprised,Adult,Male
Surprised\image0027004.jpg,Surprised,Adult,Male
Surprised\image0027012.jpg,Surprised,Adult,Male
Surprised\image0027199.jpg,Surprised,Adult,Male
Surprised\image0027263.jpg,Surprised,Adult,Male
Surprised\image0027306.jpg,Surprised,Adult,Male
Surprised\image0027350.jpg,Surprised,Adult,Male
Surprised\image0027368.jpg,Surprised,Senior,Male
Surprised\image0027408.jpg,Surprised,Adult,Male
Surprised\image0027414.jpg,Surprised,Adult,Male
Surprised\image0027424.jpg,Surprised,Adult,Female
Surprised\image0027497.jpg,Surprised,Adult,Male
Surprised\image0027499.jpg,Surprised,Adult,Female
Surprised\image0027538.jpg,Surprised,Young,Male
Surprised\image0027579.jpg,Surprised,Young,Female
Surprised\image0027604.jpg,Surprised,Adult,Male
Surprised\image0027769.jpg,Surprised,Adult,Male
Surprised\image0027789.jpg,Surprised,Adult,Male
Surprised\image0027834.jpg,Surprised,Adult,Female
Surprised\image0027925.jpg,Surprised,Young,Female
Surprised\image0027993.jpg,Surprised,Adult,Female
Surprised\image0028164.jpg,Surprised,Adult,Male
Surprised\image0028314.jpg,Surprised,Adult,Female
Surprised\image0028348.jpg,Surprised,Adult,Male
Surprised\image0028457.jpg,Surprised,Adult,Male
Surprised\image0028474.jpg,Surprised,Adult,Female
Surprised\image0028477.jpg,Surprised,Adult,Female
Surprised\image0028489.jpg,Surprised,Adult,Female
Surprised\image0028531.jpg,Surprised,Adult,Female
Surprised\image0028535.jpg,Surprised,Young,Female
Surprised\image0028625.jpg,Surprised,Adult,Female
Surprised\image0028639.jpg,Surprised,Adult,Female
Surprised\image0028883.jpg,Surprised,Young,Male
Surprised\image0029170.jpg,Surprised,Young,Male
Surprised\image0029200.jpg,Surprised,Young,Female
Surprised\image0029240.jpg,Surprised,Adult,Male
Surprised\image0029248.jpg,Surprised,Adult,Male
Surprised\image0029258.jpg,Surprised,Adult,Male
Surprised\image0029381.jpg,Surprised,Adult,Female
Surprised\image0029733.jpg,Surprised,Young,Male
Surprised\image0029823.jpg,Surprised,Adult,Male
Surprised\image0029826.jpg,Surprised,Adult,Female
Surprised\image0029832.jpg,Surprised,Young,Female
Surprised\image0029975.jpg,Surprised,Young,Female
Surprised\image0030002.jpg,Surprised,Young,Male
Surprised\image0030035.jpg,Surprised,Adult,Male
Surprised\image0030103.jpg,Surprised,Adult,Female
Surprised\image0030274.jpg,Surprised,Adult,Female
Surprised\image0030285.jpg,Surprised,Adult,Female
Surprised\image0030344.jpg,Surprised,Young,Male
Surprised\image0030347.jpg,Surprised,Adult,Male
Surprised\image0030367.jpg,Surprised,Young,Female
Surprised\image0030767.jpg,Surprised,Adult,Female
Surprised\image0030824.jpg,Surprised,Young,Female
Surprised\image0030829.jpg,Surprised,Young,Male
Surprised\image0030896.jpg,Surprised,Adult,Female
Surprised\image0030917.jpg,Surprised,Adult,Male
Surprised\image0030954.jpg,Surprised,Young,Female
Surprised\image0030968.jpg,Surprised,Adult,Male
Surprised\image0031011.jpg,Surprised,Young,Male
Surprised\image0031017.jpg,Surprised,Adult,Male
Surprised\image0031060.jpg,Surprised,Adult,Female
Surprised\image0031081.jpg,Surprised,Adult,Male
Surprised\image0031091.jpg,Surprised,Young,Male
Surprised\image0031105.jpg,Surprised,Adult,Male
Surprised\image0031125.jpg,Surprised,Young,Male
Surprised\image0031131.jpg,Surprised,Adult,Female
Surprised\image0031151.jpg,Surprised,Adult,Female
Surprised\image0031158.jpg,Surprised,Adult,Female
Surprised\image0031159.jpg,Surprised,Adult,Female
Surprised\image0031181.jpg,Surprised,Adult,Female
Surprised\image0031186.jpg,Surprised,Young,Female
Surprised\image0031204.jpg,Surprised,Adult,Female
Surprised\image0031249.jpg,Surprised,Adult,Female
Surprised\image0031257.jpg,Surprised,Young,Male
Surprised\image0031262.jpg,Surprised,Senior,Male
Surprised\image0031288.jpg,Surprised,Adult,Female
Surprised\image0031318.jpg,Surprised,Adult,Female
Surprised\image0031350.jpg,Surprised,Young,Female
Surprised\image0031449.jpg,Surprised,Adult,Female
Surprised\image0031468.jpg,Surprised,Adult,Male
Surprised\image0031491.jpg,Surprised,Young,Male
Surprised\image0031496.jpg,Surprised,Adult,Male
Surprised\image0031558.jpg,Surprised,Adult,Male
Surprised\image0031560.jpg,Surprised,Adult,Male
Surprised\image0031561.jpg,Surprised,Adult,Male
Surprised\image0031588.jpg,Surprised,Adult,Male
Surprised\image0031598.jpg,Surprised,Young,Female
Surprised\image0031601.jpg,Surprised,Adult,Female
Surprised\image0031635.jpg,Surprised,Adult,Female
Surprised\image0031677.jpg,Surprised,Adult,Male
Surprised\image0031698.jpg,Surprised,Adult,Male
Surprised\image0031764.jpg,Surprised,Adult,Male
Surprised\image0031814.jpg,Surprised,Adult,Female
Surprised\image0031870.jpg,Surprised,Adult,Male
Surprised\image0031936.jpg,Surprised,Young,Male
Surprised\image0031939.jpg,Surprised,Young,Male
Surprised\image0031953.jpg,Surprised,Young,Male
Surprised\image0031984.jpg,Surprised,Adult,Male
Surprised\image0031985.jpg,Surprised,Young,Female
Surprised\image0032063.jpg,Surprised,Adult,Male
Surprised\image0032086.jpg,Surprised,Young,Female
Surprised\image0032173.jpg,Surprised,Young,Female
Surprised\image0032200.jpg,Surprised,Young,Female
Surprised\image0032201.jpg,Surprised,Adult,Female
Surprised\image0032242.jpg,Surprised,Adult,Female
Surprised\image0032347.jpg,Surprised,Adult,Male
Surprised\image0032352.jpg,Surprised,Adult,Male
Surprised\image0032353.jpg,Surprised,Young,Male
Surprised\image0032407.jpg,Surprised,Young,Male
Surprised\image0032410.jpg,Surprised,Adult,Male
Surprised\image0032436.jpg,Surprised,Young,Female
Surprised\image0032457.jpg,Surprised,Adult,Male
Surprised\image0032461.jpg,Surprised,Young,Male
Surprised\image0032508.jpg,Surprised,Adult,Male
Surprised\image0032773.jpg,Surprised,Senior,Male
Surprised\image0032775.jpg,Surprised,Adult,Male
Surprised\image0032823.jpg,Surprised,Adult,Female
Surprised\image0032842.jpg,Surprised,Adult,Male
Surprised\image0032976.jpg,Surprised,Adult,Female
Surprised\image0033000.jpg,Surprised,Adult,Male
Surprised\image0033004.jpg,Surprised,Young,Male
Surprised\image0033059.jpg,Surprised,Young,Male
Surprised\image0033071.jpg,Surprised,Adult,Female
Surprised\image0033077.jpg,Surprised,Young,Male
Surprised\image0033098.jpg,Surprised,Adult,Male
Surprised\image0033111.jpg,Surprised,Senior,Female
Surprised\image0033114.jpg,Surprised,Young,Male
Surprised\image0033116.jpg,Surprised,Young,Male
Surprised\image0033236.jpg,Surprised,Young,Male
Surprised\image0033244.jpg,Surprised,Young,Male
Surprised\image0033284.jpg,Surprised,Adult,Male
Surprised\image0033291.jpg,Surprised,Adult,Female
Surprised\image0033302.jpg,Surprised,Adult,Male
Surprised\image0033339.jpg,Surprised,Young,Female
Surprised\image0033352.jpg,Surprised,Adult,Male
Surprised\image0033372.jpg,Surprised,Adult,Male
Surprised\image0033386.jpg,Surprised,Adult,Female
Surprised\image0033417.jpg,Surprised,Young,Female
Surprised\image0033424.jpg,Surprised,Adult,Female
Surprised\image0033427.jpg,Surprised,Adult,Male
Surprised\image0033468.jpg,Surprised,Young,Male
Surprised\image0033471.jpg,Surprised,Young,Female
Surprised\image0033526.jpg,Surprised,Adult,Male
Surprised\image0033563.jpg,Surprised,Adult,Male
Surprised\image0033573.jpg,Surprised,Young,Female
Surprised\image0033596.jpg,Surprised,Adult,Male
Surprised\image0033613.jpg,Surprised,Adult,Male
Surprised\image0033630.jpg,Surprised,Young,Female
Surprised\image0033631.jpg,Surprised,Adult,Female
Surprised\image0033658.jpg,Surprised,Adult,Female
Surprised\image0033684.jpg,Surprised,Adult,Female
Surprised\image0033751.jpg,Surprised,Adult,Female
Surprised\image0033766.jpg,Surprised,Adult,Male
Surprised\image0033782.jpg,Surprised,Adult,Female
Surprised\image0033790.jpg,Surprised,Young,Female
Surprised\image0033808.jpg,Surprised,Adult,Female
Surprised\image0033821.jpg,Surprised,Adult,Female
Surprised\image0033824.jpg,Surprised,Adult,Male
Surprised\image0033843.jpg,Surprised,Adult,Male
Surprised\image0033844.jpg,Surprised,Adult,Female
Surprised\image0033853.jpg,Surprised,Young,Female
Surprised\image0033868.jpg,Surprised,Adult,Female
Surprised\image0033891.jpg,Surprised,Adult,Male
Surprised\image0033918.jpg,Surprised,Adult,Female
Surprised\image0034042.jpg,Surprised,Young,Male
Surprised\image0034080.jpg,Surprised,Adult,Female
Surprised\image0034105.jpg,Surprised,Adult,Male
Surprised\image0034146.jpg,Surprised,Adult,Female
Surprised\image0034175.jpg,Surprised,Adult,Male
Surprised\image0034261.jpg,Surprised,Adult,Female
Surprised\image0034263.jpg,Surprised,Senior,Male
Surprised\image0034271.jpg,Surprised,Adult,Female
Surprised\image0034303.jpg,Surprised,Adult,Female
Surprised\image0034308.jpg,Surprised,Young,Female
Surprised\image0034317.jpg,Surprised,Adult,Male
Surprised\image0034396.jpg,Surprised,Adult,Male
Surprised\image0034430.jpg,Surprised,Adult,Male
Surprised\image0034442.jpg,Surprised,Young,Male
Surprised\image0034444.jpg,Surprised,Young,Female
Surprised\image0034456.jpg,Surprised,Senior,Female
Surprised\image0034481.jpg,Surprised,Adult,Female
Surprised\image0034507.jpg,Surprised,Senior,Male
Surprised\image0034553.jpg,Surprised,Adult,Female
Surprised\image0034578.jpg,Surprised,Adult,Female
Surprised\image0034619.jpg,Surprised,Adult,Female
Surprised\image0034627.jpg,Surprised,Senior,Male
Surprised\image0034633.jpg,Surprised,Adult,Female
Surprised\image0034644.jpg,Surprised,Young,Female
Surprised\image0034722.jpg,Surprised,Young,Male
Surprised\image0034750.jpg,Surprised,Adult,Female
Surprised\image0034765.jpg,Surprised,Adult,Male
Surprised\image0034767.jpg,Surprised,Adult,Female
Surprised\image0034778.jpg,Surprised,Adult,Male
Surprised\image0034792.jpg,Surprised,Senior,Female
Surprised\image0034816.jpg,Surprised,Adult,Female
Surprised\image0034892.jpg,Surprised,Senior,Male
Surprised\image0034893.jpg,Surprised,Adult,Male
Surprised\image0034896.jpg,Surprised,Adult,Male
Surprised\image0034902.jpg,Surprised,Young,Female
Surprised\image0034903.jpg,Surprised,Adult,Male
Surprised\image0034908.jpg,Surprised,Adult,Female
Surprised\image0034920.jpg,Surprised,Young,Male
Surprised\ffhq_7.png,Surprised,Adult,Male
Surprised\ffhq_15.png,Surprised,Adult,Male
Surprised\ffhq_25.png,Surprised,Adult,Female
Surprised\ffhq_46.png,Surprised,Adult,Male
Surprised\ffhq_56.png,Surprised,Young,Female
Surprised\ffhq_77.png,Surprised,Senior,Male
Surprised\ffhq_79.png,Surprised,Adult,Male
Surprised\ffhq_80.png,Surprised,Adult,Male
Surprised\ffhq_98.png,Surprised,Adult,Male
Surprised\ffhq_143.png,Surprised,Adult,Male
Surprised\ffhq_147.png,Surprised,Adult,Male
Happy\ffhq_1.png,Happy,Adult,Female
Happy\ffhq_10.png,Happy,Adult,Female
Happy\ffhq_11.png,Happy,Adult,Female
Happy\ffhq_12.png,Happy,Adult,Male
Happy\ffhq_30.png,Happy,Adult,Female
Happy\ffhq_76.png,Happy,Adult,Female
Happy\ffhq_93.png,Happy,Adult,Female
Happy\ffhq_94.png,Happy,Adult,Female
Happy\ffhq_95.png,Happy,Adult,Male
Happy\ffhq_100.png,Happy,Adult,Female
Happy\ffhq_101.png,Happy,Young,Male
Happy\ffhq_102.png,Happy,Young,Female
Happy\ffhq_103.png,Happy,Adult,Female
Happy\ffhq_104.png,Happy,Adult,Female
Happy\ffhq_105.png,Happy,Adult,Female
Happy\ffhq_106.png,Happy,Adult,Female
Happy\ffhq_107.png,Happy,Adult,Female
Happy\ffhq_108.png,Happy,Adult,Male
Happy\ffhq_109.png,Happy,Young,Female
Happy\ffhq_111.png,Happy,Young,Male
Happy\ffhq_112.png,Happy,Adult,Female
Happy\ffhq_113.png,Happy,Adult,Male
Happy\ffhq_114.png,Happy,Young,Female
Happy\ffhq_115.png,Happy,Adult,Male
Happy\ffhq_117.png,Happy,Adult,Male
Happy\ffhq_118.png,Happy,Senior,Male
Happy\ffhq_119.png,Happy,Young,Male
Happy\ffhq_120.png,Happy,Adult,Female
Happy\ffhq_121.png,Happy,Adult,Male
Happy\ffhq_122.png,Happy,Adult,Female
Happy\ffhq_124.png,Happy,Young,Female
Happy\ffhq_126.png,Happy,Adult,Female
Happy\ffhq_1001.png,Happy,Senior,Male
Happy\ffhq_1003.png,Happy,Adult,Female
Happy\ffhq_1004.png,Happy,Young,Female
Happy\ffhq_1005.png,Happy,Adult,Female
Happy\ffhq_1007.png,Happy,Adult,Female
Happy\ffhq_1008.png,Happy,Adult,Male
Happy\ffhq_1010.png,Happy,Young,Female
Happy\ffhq_1011.png,Happy,Adult,Female
Happy\ffhq_1012.png,Happy,Adult,Female
Happy\ffhq_1013.png,Happy,Young,Female
Happy\ffhq_1015.png,Happy,Adult,Female
Happy\ffhq_1016.png,Happy,Adult,Female
Happy\ffhq_1017.png,Happy,Adult,Female
Happy\ffhq_1018.png,Happy,Adult,Female
Happy\ffhq_1019.png,Happy,Adult,Male
Happy\ffhq_1021.png,Happy,Adult,Female
Happy\ffhq_1023.png,Happy,Adult,Male
Happy\ffhq_1024.png,Happy,Adult,Female
Happy\ffhq_1025.png,Happy,Young,Female
Happy\ffhq_1027.png,Happy,Adult,Male
Happy\ffhq_1029.png,Happy,Adult,Female
Happy\ffhq_1030.png,Happy,Adult,Male
Happy\ffhq_1031.png,Happy,Senior,Female
Happy\ffhq_1032.png,Happy,Adult,Female
Happy\ffhq_1033.png,Happy,Adult,Female
Happy\ffhq_1034.png,Happy,Young,Female
Happy\ffhq_1035.png,Happy,Adult,Male
Happy\ffhq_1036.png,Happy,Adult,Male
Happy\ffhq_1038.png,Happy,Adult,Female
Happy\ffhq_1039.png,Happy,Adult,Female
Happy\ffhq_1040.png,Happy,Adult,Female
Happy\ffhq_1042.png,Happy,Adult,Male
Happy\ffhq_1043.png,Happy,Senior,Male
Happy\ffhq_1044.png,Happy,Adult,Female
Happy\ffhq_1045.png,Happy,Young,Female
Happy\ffhq_1046.png,Happy,Adult,Male
Happy\ffhq_1047.png,Happy,Adult,Female
Happy\ffhq_1050.png,Happy,Young,Female
Happy\ffhq_1051.png,Happy,Adult,Male
Happy\ffhq_1054.png,Happy,Adult,Male
Happy\ffhq_1055.png,Happy,Adult,Female
Happy\ffhq_1056.png,Happy,Young,Male
Happy\ffhq_1057.png,Happy,Adult,Male
Happy\ffhq_1058.png,Happy,Adult,Male
Happy\ffhq_1060.png,Happy,Adult,Female
Happy\ffhq_1062.png,Happy,Adult,Female
Happy\ffhq_1064.png,Happy,Adult,Female
Happy\ffhq_1066.png,Happy,Young,Female
Happy\ffhq_1068.png,Happy,Adult,Female
Happy\ffhq_1069.png,Happy,Adult,Male
Happy\ffhq_1070.png,Happy,Adult,Female
Happy\ffhq_1073.png,Happy,Adult,Female
Happy\ffhq_1074.png,Happy,Adult,Female
Happy\ffhq_1075.png,Happy,Adult,Male
Happy\ffhq_1076.png,Happy,Adult,Female
Happy\ffhq_1077.png,Happy,Adult,Male
Happy\ffhq_1079.png,Happy,Adult,Male
Happy\ffhq_1080.png,Happy,Senior,Female
Happy\ffhq_1081.png,Happy,Young,Female
Happy\ffhq_1082.png,Happy,Adult,Female
Happy\ffhq_1084.png,Happy,Adult,Female
Happy\ffhq_1085.png,Happy,Senior,Female
Happy\ffhq_1086.png,Happy,Adult,Female
Happy\ffhq_1087.png,Happy,Senior,Female
Happy\ffhq_1088.png,Happy,Adult,Female
Happy\ffhq_1089.png,Happy,Adult,Female
Happy\ffhq_1090.png,Happy,Young,Female
Happy\ffhq_1091.png,Happy,Adult,Female
Happy\ffhq_1093.png,Happy,Adult,Male
Happy\ffhq_1095.png,Happy,Young,Female
Happy\ffhq_1097.png,Happy,Senior,Female
Happy\ffhq_1098.png,Happy,Senior,Male
Happy\ffhq_1100.png,Happy,Adult,Male
Happy\ffhq_1101.png,Happy,Senior,Female
Happy\ffhq_1102.png,Happy,Adult,Female
Happy\ffhq_1104.png,Happy,Young,Male
Happy\ffhq_1105.png,Happy,Adult,Male
Happy\ffhq_1106.png,Happy,Adult,Male
Happy\ffhq_1108.png,Happy,Adult,Male
Happy\ffhq_1110.png,Happy,Young,Female
Happy\ffhq_1114.png,Happy,Adult,Male
Happy\ffhq_1115.png,Happy,Senior,Male
Happy\ffhq_1117.png,Happy,Adult,Male
Happy\ffhq_1118.png,Happy,Adult,Female
Happy\ffhq_1119.png,Happy,Adult,Male
Happy\ffhq_1120.png,Happy,Adult,Male
Happy\ffhq_1122.png,Happy,Adult,Female
Happy\ffhq_1123.png,Happy,Adult,Male
Happy\ffhq_1124.png,Happy,Adult,Female
Happy\ffhq_1125.png,Happy,Adult,Female
Happy\ffhq_1126.png,Happy,Senior,Female
Happy\ffhq_1127.png,Happy,Senior,Female
Happy\ffhq_1128.png,Happy,Adult,Female
Happy\ffhq_1129.png,Happy,Senior,Male
Happy\ffhq_1131.png,Happy,Senior,Male
Happy\ffhq_1132.png,Happy,Young,Male
Happy\ffhq_1134.png,Happy,Adult,Female
Happy\ffhq_1137.png,Happy,Adult,Male
Happy\ffhq_1138.png,Happy,Adult,Female
Happy\ffhq_1139.png,Happy,Adult,Female
Happy\ffhq_1140.png,Happy,Young,Male
Happy\ffhq_1141.png,Happy,Adult,Female
Happy\ffhq_1142.png,Happy,Adult,Male
Happy\ffhq_1143.png,Happy,Adult,Female
Happy\ffhq_1144.png,Happy,Adult,Male
Happy\ffhq_1146.png,Happy,Adult,Female
Happy\ffhq_1147.png,Happy,Adult,Female
Happy\ffhq_1148.png,Happy,Adult,Male
Happy\ffhq_1149.png,Happy,Adult,Female
Happy\ffhq_1150.png,Happy,Young,Female
Happy\ffhq_1151.png,Happy,Senior,Female
Happy\ffhq_1152.png,Happy,Young,Female
Happy\ffhq_1153.png,Happy,Adult,Male
Happy\ffhq_1154.png,Happy,Adult,Female
Happy\ffhq_1155.png,Happy,Young,Male
Happy\ffhq_1157.png,Happy,Senior,Male
Happy\ffhq_1158.png,Happy,Adult,Female
Happy\ffhq_1160.png,Happy,Young,Female
Happy\ffhq_1161.png,Happy,Young,Male
Happy\ffhq_1162.png,Happy,Senior,Male
Happy\ffhq_1163.png,Happy,Senior,Female
Happy\ffhq_1164.png,Happy,Young,Female
Happy\ffhq_1165.png,Happy,Adult,Female
Happy\ffhq_1166.png,Happy,Senior,Male
Happy\ffhq_1167.png,Happy,Adult,Male
Happy\ffhq_1168.png,Happy,Adult,Male
Happy\ffhq_1170.png,Happy,Adult,Female
Happy\ffhq_1171.png,Happy,Adult,Female
Happy\ffhq_1172.png,Happy,Young,Male
Happy\ffhq_1175.png,Happy,Senior,Female
Happy\ffhq_1176.png,Happy,Adult,Male
Happy\ffhq_1177.png,Happy,Adult,Female
Happy\ffhq_1178.png,Happy,Adult,Male
Happy\ffhq_1179.png,Happy,Adult,Female
Happy\ffhq_1180.png,Happy,Adult,Male
Happy\ffhq_1182.png,Happy,Young,Female
Happy\ffhq_1183.png,Happy,Adult,Female
Happy\ffhq_1184.png,Happy,Adult,Female
Happy\ffhq_1186.png,Happy,Adult,Female
Happy\ffhq_1188.png,Happy,Senior,Female
Happy\ffhq_1189.png,Happy,Adult,Female
Happy\ffhq_1190.png,Happy,Adult,Male
Happy\ffhq_1191.png,Happy,Adult,Female
Happy\ffhq_1192.png,Happy,Young,Male
Happy\ffhq_1193.png,Happy,Senior,Female
Happy\ffhq_1194.png,Happy,Senior,Male
Happy\ffhq_1195.png,Happy,Adult,Male
Happy\ffhq_1197.png,Happy,Senior,Male
Happy\ffhq_1198.png,Happy,Adult,Female
Happy\ffhq_1199.png,Happy,Young,Male
Happy\ffhq_1201.png,Happy,Young,Female
Happy\ffhq_1203.png,Happy,Adult,Male
Happy\ffhq_1204.png,Happy,Senior,Male
Happy\ffhq_1207.png,Happy,Adult,Female
Happy\ffhq_1208.png,Happy,Adult,Female
Happy\ffhq_1209.png,Happy,Adult,Female
Happy\ffhq_1210.png,Happy,Adult,Female
Happy\ffhq_1211.png,Happy,Adult,Male
Happy\ffhq_1212.png,Happy,Adult,Female
Happy\ffhq_1213.png,Happy,Adult,Male
Happy\ffhq_1214.png,Happy,Adult,Male
Happy\ffhq_1216.png,Happy,Adult,Male
Happy\ffhq_1219.png,Happy,Adult,Female
Happy\ffhq_1224.png,Happy,Adult,Female
Happy\ffhq_1225.png,Happy,Senior,Female
Happy\ffhq_1226.png,Happy,Young,Female
Happy\ffhq_1228.png,Happy,Adult,Male
Happy\ffhq_1229.png,Happy,Young,Male
Happy\ffhq_1230.png,Happy,Young,Female
Happy\ffhq_1231.png,Happy,Adult,Male
Happy\ffhq_1232.png,Happy,Adult,Female
Happy\ffhq_1234.png,Happy,Senior,Male
Happy\ffhq_1235.png,Happy,Adult,Female
Happy\ffhq_1236.png,Happy,Adult,Female
Happy\ffhq_1237.png,Happy,Young,Female
Happy\ffhq_1238.png,Happy,Adult,Female
Happy\ffhq_1239.png,Happy,Adult,Female
Happy\ffhq_1240.png,Happy,Adult,Female
Happy\ffhq_1241.png,Happy,Adult,Male
Happy\ffhq_1242.png,Happy,Adult,Male
Happy\ffhq_1243.png,Happy,Adult,Female
Happy\ffhq_1244.png,Happy,Adult,Female
Happy\ffhq_1246.png,Happy,Senior,Female
Happy\ffhq_1247.png,Happy,Adult,Male
Happy\ffhq_1249.png,Happy,Adult,Male
Happy\ffhq_1250.png,Happy,Adult,Female
Happy\ffhq_1251.png,Happy,Adult,Female
Happy\ffhq_1253.png,Happy,Young,Female
Happy\ffhq_1254.png,Happy,Adult,Female
Happy\ffhq_1255.png,Happy,Adult,Female
Happy\ffhq_1256.png,Happy,Adult,Female
Happy\ffhq_1258.png,Happy,Adult,Male
Happy\ffhq_1259.png,Happy,Adult,Male
Happy\ffhq_1260.png,Happy,Adult,Female
Happy\ffhq_1262.png,Happy,Adult,Male
Happy\ffhq_1263.png,Happy,Adult,Male
Happy\ffhq_1264.png,Happy,Adult,Male
Happy\ffhq_1265.png,Happy,Senior,Male
Happy\ffhq_0.png,Happy,Adult,Female
Happy\image0000337.jpg,Happy,Adult,Male
Happy\image0001046.jpg,Happy,Senior,Male
Happy\image0001956.jpg,Happy,Adult,Female
Happy\image0001968.jpg,Happy,Senior,Male
Happy\image0002270.jpg,Happy,Adult,Male
Happy\image0003199.jpg,Happy,Adult,Female
Happy\image0003243.jpg,Happy,Young,Male
Happy\image0003252.jpg,Happy,Adult,Male
Happy\image0003630.jpg,Happy,Young,Male
Happy\image0004504.jpg,Happy,Adult,Male
Happy\image0005444.jpg,Happy,Adult,Female
Happy\image0005546.jpg,Happy,Adult,Female
Happy\image0006510.jpg,Happy,Adult,Male
Happy\image0007160.jpg,Happy,Adult,Male
Happy\image0007594.jpg,Happy,Senior,Male
Happy\image0009562.jpg,Happy,Senior,Male
Happy\image0009576.jpg,Happy,Adult,Female
Happy\image0009655.jpg,Happy,Adult,Female
Happy\image0010819.jpg,Happy,Adult,Male
Happy\image0010872.jpg,Happy,Adult,Female
Happy\image0011156.jpg,Happy,Adult,Male
Happy\image0011376.jpg,Happy,Young,Female
Happy\image0012484.jpg,Happy,Young,Female
Happy\image0012700.jpg,Happy,Adult,Female
Happy\image0012807.jpg,Happy,Young,Male
Happy\image0012949.jpg,Happy,Senior,Male
Happy\image0012970.jpg,Happy,Senior,Male
Happy\image0013310.jpg,Happy,Young,Male
Happy\image0013418.jpg,Happy,Adult,Male
Happy\image0015954.jpg,Happy,Adult,Male
Happy\image0017208.jpg,Happy,Senior,Male
Happy\image0017537.jpg,Happy,Adult,Female
Happy\image0017711.jpg,Happy,Adult,Female
Happy\image0018128.jpg,Happy,Adult,Male
Happy\image0018338.jpg,Happy,Adult,Female
Happy\image0018458.jpg,Happy,Adult,Male
Happy\image0018640.jpg,Happy,Senior,Male
Happy\image0019021.jpg,Happy,Adult,Female
Happy\image0019052.jpg,Happy,Young,Male
Happy\image0019199.jpg,Happy,Adult,Male
Happy\image0020084.jpg,Happy,Adult,Male
Happy\image0020400.jpg,Happy,Senior,Male
Happy\image0020495.jpg,Happy,Young,Male
Happy\image0020791.jpg,Happy,Adult,Female
Happy\image0020967.jpg,Happy,Young,Male
Happy\image0021030.jpg,Happy,Adult,Female
Happy\image0021140.jpg,Happy,Young,Female
Happy\image0021412.jpg,Happy,Young,Female
Happy\image0021864.jpg,Happy,Adult,Male
Happy\image0021879.jpg,Happy,Adult,Female
Happy\image0022134.jpg,Happy,Senior,Male
Happy\image0022614.jpg,Happy,Adult,Male
Happy\image0024022.jpg,Happy,Adult,Female
Happy\image0024635.jpg,Happy,Senior,Male
Happy\image0024746.jpg,Happy,Adult,Female
Happy\image0025073.jpg,Happy,Young,Male
Happy\image0025453.jpg,Happy,Adult,Female
Happy\image0025850.jpg,Happy,Adult,Female
Happy\image0026824.jpg,Happy,Adult,Female
Happy\image0026827.jpg,Happy,Senior,Female
Happy\image0026897.jpg,Happy,Senior,Male
Happy\image0026910.jpg,Happy,Young,Female
Happy\image0027596.jpg,Happy,Young,Female
Happy\image0027616.jpg,Happy,Adult,Female
Happy\image0027932.jpg,Happy,Senior,Male
Happy\image0028046.jpg,Happy,Young,Female
Happy\image0028100.jpg,Happy,Adult,Male
Happy\image0028175.jpg,Happy,Young,Female
Happy\image0028924.jpg,Happy,Senior,Male
Happy\image0029029.jpg,Happy,Adult,Female
Happy\image0029324.jpg,Happy,Adult,Male
Happy\image0029594.jpg,Happy,Adult,Male
Happy\image0029621.jpg,Happy,Adult,Male
Happy\image0029698.jpg,Happy,Senior,Male
Happy\image0029948.jpg,Happy,Young,Female
Happy\image0030577.jpg,Happy,Young,Female
Happy\image0030823.jpg,Happy,Adult,Female
Happy\image0030901.jpg,Happy,Adult,Female
Happy\image0030941.jpg,Happy,Adult,Male
Happy\image0031012.jpg,Happy,Young,Female
Happy\image0031068.jpg,Happy,Senior,Female
Happy\image0031100.jpg,Happy,Young,Male
Happy\image0031203.jpg,Happy,Adult,Male
Happy\image0031213.jpg,Happy,Senior,Female
Happy\image0031312.jpg,Happy,Young,Male
Happy\image0031537.jpg,Happy,Adult,Male
Happy\image0031562.jpg,Happy,Adult,Male
Happy\image0031623.jpg,Happy,Young,Male
Happy\image0031742.jpg,Happy,Adult,Female
Happy\image0031798.jpg,Happy,Adult,Male
Happy\image0031844.jpg,Happy,Senior,Male
Happy\image0031896.jpg,Happy,Senior,Male
Happy\image0031977.jpg,Happy,Senior,Female
Happy\image0031979.jpg,Happy,Adult,Female
Happy\image0032202.jpg,Happy,Young,Female
Happy\image0032427.jpg,Happy,Adult,Female
Happy\image0032563.jpg,Happy,Adult,Male
Happy\image0032679.jpg,Happy,Adult,Male
Happy\image0032748.jpg,Happy,Adult,Male
Happy\image0032768.jpg,Happy,Adult,Male
Happy\image0032822.jpg,Happy,Adult,Female
Happy\image0032929.jpg,Happy,Adult,Male
Happy\image0032943.jpg,Happy,Adult,Female
Happy\image0033178.jpg,Happy,Adult,Female
Happy\image0033216.jpg,Happy,Young,Female
Happy\image0033255.jpg,Happy,Adult,Female
Happy\image0033384.jpg,Happy,Adult,Female
Happy\image0033476.jpg,Happy,Adult,Female
Happy\image0033492.jpg,Happy,Adult,Female
Happy\image0033504.jpg,Happy,Adult,Female
Happy\image0033581.jpg,Happy,Adult,Female
Happy\image0033757.jpg,Happy,Adult,Female
Happy\image0033775.jpg,Happy,Young,Male
Happy\image0033914.jpg,Happy,Young,Female
Happy\image0034132.jpg,Happy,Adult,Male
Happy\image0034136.jpg,Happy,Adult,Male
Happy\image0034225.jpg,Happy,Adult,Female
Happy\image0034247.jpg,Happy,Senior,Female
Happy\image0034282.jpg,Happy,Young,Female
Happy\image0034422.jpg,Happy,Adult,Female
Happy\image0034460.jpg,Happy,Senior,Male
Happy\image0034463.jpg,Happy,Adult,Male
Happy\image0034538.jpg,Happy,Adult,Female
Happy\image0034601.jpg,Happy,Senior,Male
Happy\image0034641.jpg,Happy,Adult,Male
Happy\image0034840.jpg,Happy,Senior,Male
Happy\image0034930.jpg,Happy,Adult,Female
Happy\image0035048.jpg,Happy,Adult,Female
Happy\image0035060.jpg,Happy,Adult,Female
Happy\image0035120.jpg,Happy,Adult,Female
Happy\image0035131.jpg,Happy,Adult,Female
Happy\image0035185.jpg,Happy,Young,Male
Happy\image0035207.jpg,Happy,Adult,Female
Happy\image0035213.jpg,Happy,Adult,Female
Happy\image0035220.jpg,Happy,Adult,Female
Happy\image0035223.jpg,Happy,Senior,Male
Happy\image0035239.jpg,Happy,Adult,Female
Happy\image0035254.jpg,Happy,Adult,Female
Happy\image0035286.jpg,Happy,Adult,Male
Happy\image0035334.jpg,Happy,Adult,Female
Happy\image0035422.jpg,Happy,Adult,Male
Happy\image0035447.jpg,Happy,Senior,Female
Happy\image0035501.jpg,Happy,Adult,Male
Happy\image0035528.jpg,Happy,Adult,Male
Happy\image0035639.jpg,Happy,Young,Male
Happy\image0035691.jpg,Happy,Adult,Male
Happy\image0035762.jpg,Happy,Adult,Male
Happy\image0035786.jpg,Happy,Adult,Female
Happy\image0035798.jpg,Happy,Adult,Female
Happy\image0035852.jpg,Happy,Adult,Female
Happy\image0035859.jpg,Happy,Young,Female
Happy\image0035917.jpg,Happy,Adult,Female
Happy\image0035921.jpg,Happy,Young,Male
Happy\image0035925.jpg,Happy,Senior,Male
Happy\image0035952.jpg,Happy,Adult,Female
Happy\image0035988.jpg,Happy,Adult,Male
Happy\image0036067.jpg,Happy,Adult,Female
Happy\image0036079.jpg,Happy,Adult,Female
Happy\image0036090.jpg,Happy,Adult,Female
Happy\image0036100.jpg,Happy,Adult,Male
Happy\image0036112.jpg,Happy,Adult,Male
Happy\image0036113.jpg,Happy,Adult,Female
Happy\image0036146.jpg,Happy,Adult,Male
Happy\image0036216.jpg,Happy,Senior,Male
Happy\image0036230.jpg,Happy,Adult,Female
Happy\image0036276.jpg,Happy,Adult,Female
Happy\image0036314.jpg,Happy,Adult,Male
Happy\image0036326.jpg,Happy,Young,Female
Happy\image0036346.jpg,Happy,Adult,Male
Happy\image0036494.jpg,Happy,Adult,Male
Happy\image0036538.jpg,Happy,Senior,Female
Happy\image0036621.jpg,Happy,Adult,Female
Happy\image0036653.jpg,Happy,Adult,Female
Happy\image0036707.jpg,Happy,Adult,Female
Happy\image0036738.jpg,Happy,Young,Male
Happy\image0036748.jpg,Happy,Adult,Female
Happy\image0036796.jpg,Happy,Young,Male
Happy\image0036834.jpg,Happy,Adult,Female
Happy\image0036999.jpg,Happy,Adult,Female
Happy\image0037002.jpg,Happy,Adult,Male
Happy\image0037129.jpg,Happy,Adult,Male
Happy\image0037170.jpg,Happy,Adult,Female
Happy\image0037395.jpg,Happy,Adult,Male
Happy\image0037442.jpg,Happy,Adult,Male
Happy\image0037459.jpg,Happy,Adult,Male
Happy\image0037523.jpg,Happy,Young,Female
Happy\image0037596.jpg,Happy,Adult,Male
Happy\image0037621.jpg,Happy,Adult,Female
Happy\image0037672.jpg,Happy,Adult,Female
Happy\image0037687.jpg,Happy,Senior,Female
Happy\image0037709.jpg,Happy,Senior,Male
Happy\image0037816.jpg,Happy,Adult,Male
Happy\image0037877.jpg,Happy,Senior,Female
Happy\image0037895.jpg,Happy,Adult,Female
Happy\image0037908.jpg,Happy,Adult,Female
Happy\image0038024.jpg,Happy,Young,Male
Happy\image0038043.jpg,Happy,Adult,Male
Happy\image0038055.jpg,Happy,Adult,Male
Happy\image0038066.jpg,Happy,Senior,Male
Happy\image0038076.jpg,Happy,Adult,Female
Happy\image0038120.jpg,Happy,Adult,Female
Happy\image0038139.jpg,Happy,Adult,Male
Happy\image0038153.jpg,Happy,Adult,Female
Happy\image0038194.jpg,Happy,Young,Male
Happy\image0038199.jpg,Happy,Young,Male
Happy\image0038227.jpg,Happy,Adult,Male
Happy\image0038239.jpg,Happy,Adult,Female
Happy\image0038258.jpg,Happy,Adult,Male
Happy\image0038277.jpg,Happy,Young,Male
Happy\image0038283.jpg,Happy,Adult,Male
Happy\image0038367.jpg,Happy,Young,Female
Happy\image0038409.jpg,Happy,Senior,Male
Happy\image0038418.jpg,Happy,Young,Male
Happy\image0038439.jpg,Happy,Adult,Female
Happy\image0038469.jpg,Happy,Senior,Male
Happy\image0038478.jpg,Happy,Adult,Male
Happy\image0038507.jpg,Happy,Adult,Male
Happy\image0038547.jpg,Happy,Young,Male
Happy\image0038590.jpg,Happy,Adult,Female
Happy\image0038626.jpg,Happy,Senior,Male
Happy\image0038665.jpg,Happy,Adult,Male
Happy\image0038727.jpg,Happy,Adult,Female
Happy\image0038837.jpg,Happy,Young,Male
Happy\image0038859.jpg,Happy,Senior,Male
Happy\image0038917.jpg,Happy,Adult,Female
Happy\image0038920.jpg,Happy,Adult,Male
Happy\image0038921.jpg,Happy,Senior,Female
Happy\image0038948.jpg,Happy,Adult,Female
Happy\image0038979.jpg,Happy,Young,Female
Happy\image0039057.jpg,Happy,Adult,Male
Happy\image0039081.jpg,Happy,Adult,Male
Happy\image0039083.jpg,Happy,Senior,Male
Happy\image0039121.jpg,Happy,Adult,Female
Happy\image0039169.jpg,Happy,Senior,Female
Happy\image0039204.jpg,Happy,Adult,Female
Happy\image0039270.jpg,Happy,Young,Female
Happy\image0039275.jpg,Happy,Adult,Male
Happy\image0039323.jpg,Happy,Adult,Male
Happy\image0039387.jpg,Happy,Adult,Female
Happy\image0039633.jpg,Happy,Adult,Female
Happy\image0039654.jpg,Happy,Adult,Female
Happy\image0039736.jpg,Happy,Adult,Male
Happy\image0039772.jpg,Happy,Adult,Male
Happy\image0039838.jpg,Happy,Adult,Male
Happy\image0039853.jpg,Happy,Adult,Male
Happy\image0039969.jpg,Happy,Adult,Male
Happy\image0039989.jpg,Happy,Senior,Male
Happy\image0040038.jpg,Happy,Adult,Male
Happy\image0040052.jpg,Happy,Adult,Male
Happy\image0040207.jpg,Happy,Young,Female
Happy\image0040263.jpg,Happy,Young,Male
Happy\image0040334.jpg,Happy,Young,Male
Happy\image0040488.jpg,Happy,Adult,Female
Happy\image0040498.jpg,Happy,Adult,Female
Happy\image0040518.jpg,Happy,Adult,Female
Happy\image0040687.jpg,Happy,Adult,Male
Happy\image0040713.jpg,Happy,Young,Female
Happy\image0040814.jpg,Happy,Adult,Female
Happy\image0040842.jpg,Happy,Senior,Male
Happy\image0040849.jpg,Happy,Young,Female
Happy\image0040903.jpg,Happy,Adult,Female
Happy\image0040939.jpg,Happy,Senior,Female
Happy\image0040976.jpg,Happy,Adult,Male
Happy\image0040995.jpg,Happy,Adult,Female
Happy\image0041077.jpg,Happy,Adult,Female
Happy\image0041141.jpg,Happy,Adult,Female
Happy\image0041157.jpg,Happy,Adult,Female
Happy\image0041184.jpg,Happy,Adult,Male
Happy\image0041187.jpg,Happy,Adult,Female
Focused\ffhq_107_focused.png,Focused,Senior,Female
Focused\ffhq_574_old.png,Focused,Senior,Female
Happy\ffhq_669_old.png,Happy,Senior,Female
Neutral\ffhq_4126_old.png,Neutral,Senior,Female
Neutral\ffhq_4592_old.png,Neutral,Senior,Female
Neutral\ffhq_4730_old.png,Neutral,Senior,Female
Neutral\ffhq_4822_old.png,Neutral,Senior,Female
Neutral\ffhq_4827_old.png,Neutral,Senior,Female
Neutral\ffhq_4890_old.png,Neutral,Senior,Female
Neutral\ffhq_4942_old.png,Neutral,Senior,Female
Neutral\ffhq_4972_old.png,Neutral,Senior,Female
Neutral\ffhq_5055_old.png,Neutral,Senior,Female
Neutral\ffhq_5077_old.png,Neutral,Senior,Female
Neutral\ffhq_5080_old.png,Neutral,Senior,Female
Neutral\ffhq_5114_old.png,Neutral,Senior,Female
Neutral\ffhq_5166_old.png,Neutral,Senior,Female
Neutral\ffhq_5186_old.png,Neutral,Senior,Female
Neutral\ffhq_5520_old.png,Neutral,Senior,Female
Neutral\ffhq_5527_old.png,Neutral,Senior,Female
Neutral\ffhq_5622_old.png,Neutral,Senior,Female
Neutral\image0032130_old.jpg,Neutral,Senior,Female
Neutral\ffhq_93_neutral.png,Neutral,Senior,Female
Neutral\ffhq_380_old.png,Neutral,Senior,Female
Neutral\ffhq_639_old.png,Neutral,Senior,Female
Neutral\ffhq_697_old.png,Neutral,Senior,Female
Neutral\ffhq_781_old.png,Neutral,Senior,Female
Neutral\ffhq_893_old.png,Neutral,Senior,Female
Neutral\ffhq_11448_old.png,Neutral,Senior,Female
Neutral\ffhq_2542_old.png,Neutral,Senior,Female
Neutral\ffhq_2710_old.png,Neutral,Senior,Female
Neutral\ffhq_2855_old.png,Neutral,Senior,Female
Surprised\ffhq_4931_old.png,Surprised,Senior,Female
Surprised\image0034795.jpg,Surprised,Senior,Female
Surprised\image0034769.jpg,Surprised,Senior,Female
Surprised\image0034635.jpg,Surprised,Senior,Female
Surprised\image0034537.jpg,Surprised,Senior,Female
Surprised\image0034127.jpg,Surprised,Senior,Female
Surprised\image0034004.jpg,Surprised,Senior,Female
Surprised\image0033235.jpg,Surprised,Senior,Female
Surprised\image0032314.jpg,Surprised,Senior,Female
Surprised\image0032253.jpg,Surprised,Senior,Female
Surprised\image0031327.jpg,Surprised,Senior,Female
Surprised\image0030076.jpg,Surprised,Senior,Female
Surprised\image0029940.jpg,Surprised,Senior,Female
Surprised\image0028726.jpg,Surprised,Senior,Female
Surprised\image0028538.jpg,Surprised,Senior,Female
Surprised\image0028405.jpg,Surprised,Senior,Female
Surprised\image0028208.jpg,Surprised,Senior,Female
Surprised\image0027599.jpg,Surprised,Senior,Female
Surprised\image0026614.jpg,Surprised,Senior,Female
Surprised\image0026275.jpg,Surprised,Senior,Female
Surprised\image0025980.jpg,Surprised,Senior,Female
Surprised\image0026007.jpg,Surprised,Senior,Female
Surprised\image0025334.jpg,Surprised,Senior,Female
Surprised\image0025346.jpg,Surprised,Senior,Female
Surprised\image0025289.jpg,Surprised,Senior,Female
Surprised\image0024899.jpg,Surprised,Senior,Female
